solid OpenSCAD_Model
  facet normal 0 -1 0
    outer loop
      vertex 0 0 0
      vertex 30 0 15
      vertex 0 0 15
    endloop
  endfacet
  facet normal -1 0 0
    outer loop
      vertex 0 0 0
      vertex 0 0 15
      vertex 0 30 15
    endloop
  endfacet
  facet normal 0 -1 0
    outer loop
      vertex 0 0 0
      vertex 30 0 0
      vertex 30 0 15
    endloop
  endfacet
  facet normal 0 0 -1
    outer loop
      vertex 0 0 0
      vertex 30 30 0
      vertex 30 0 0
    endloop
  endfacet
  facet normal 1 0 0
    outer loop
      vertex 30 0 0
      vertex 30 30 0
      vertex 30 0 15
    endloop
  endfacet
  facet normal 0 0 1
    outer loop
      vertex 0 0 15
      vertex 11.368250006228882 10.671848897519268 15
      vertex 10.671848897519268 11.368250006228882 15
    endloop
  endfacet
  facet normal 0 0 1
    outer loop
      vertex 0 0 15
      vertex 12.175000000745058 10.1069564699084 15
      vertex 11.368250006228882 10.671848897519268 15
    endloop
  endfacet
  facet normal 0 0 1
    outer loop
      vertex 0 0 15
      vertex 13.067586190719622 9.690736693959868 15
      vertex 12.175000000745058 10.1069564699084 15
    endloop
  endfacet
  facet normal 0 0 1
    outer loop
      vertex 0 0 15
      vertex 30 0 15
      vertex 13.067586190719622 9.690736693959868 15
    endloop
  endfacet
  facet normal 0 0 1
    outer loop
      vertex 13.067586190719622 9.690736693959868 15
      vertex 30 0 15
      vertex 14.0188877964406 9.435836196948504 15
    endloop
  endfacet
  facet normal 0 0 1
    outer loop
      vertex 14.0188877964406 9.435836196948504 15
      vertex 30 0 15
      vertex 15 9.350000001490116 15
    endloop
  endfacet
  facet normal 0 0 1
    outer loop
      vertex 0 0 15
      vertex 10.671848897519268 11.368250006228882 15
      vertex 10.1069564699084 12.175000000745058 15
    endloop
  endfacet
  facet normal 0 0 1
    outer loop
      vertex 0 0 15
      vertex 10.1069564699084 12.175000000745058 15
      vertex 9.690736693959868 13.067586190719622 15
    endloop
  endfacet
  facet normal 0 0 1
    outer loop
      vertex 0 0 15
      vertex 9.690736693959868 13.067586190719622 15
      vertex 9.435836196948504 14.0188877964406 15
    endloop
  endfacet
  facet normal 0 0 1
    outer loop
      vertex 0 0 15
      vertex 9.435836196948504 14.0188877964406 15
      vertex 9.350000001490116 15 15
    endloop
  endfacet
  facet normal 0 0 1
    outer loop
      vertex 0 0 15
      vertex 9.350000001490116 15 15
      vertex 9.435836196948504 15.9811122035594 15
    endloop
  endfacet
  facet normal 0 0 1
    outer loop
      vertex 0 0 15
      vertex 9.435836196948504 15.9811122035594 15
      vertex 9.690736693959868 16.93241380928038 15
    endloop
  endfacet
  facet normal 0 0 1
    outer loop
      vertex 15 9.350000001490116 15
      vertex 30 0 15
      vertex 15.9811122035594 9.435836196948504 15
    endloop
  endfacet
  facet normal 0 0 1
    outer loop
      vertex 15.9811122035594 9.435836196948504 15
      vertex 30 0 15
      vertex 16.93241380928038 9.690736693959868 15
    endloop
  endfacet
  facet normal 0 0 1
    outer loop
      vertex 16.93241380928038 9.690736693959868 15
      vertex 30 0 15
      vertex 17.824999999254942 10.1069564699084 15
    endloop
  endfacet
  facet normal 0 0 1
    outer loop
      vertex 17.824999999254942 10.1069564699084 15
      vertex 30 0 15
      vertex 18.63174999377112 10.671848897519268 15
    endloop
  endfacet
  facet normal 0 0 1
    outer loop
      vertex 18.63174999377112 10.671848897519268 15
      vertex 30 0 15
      vertex 19.32815110248073 11.368250006228882 15
    endloop
  endfacet
  facet normal 0 0 1
    outer loop
      vertex 19.32815110248073 11.368250006228882 15
      vertex 30 0 15
      vertex 19.8930435300916 12.175000000745058 15
    endloop
  endfacet
  facet normal 0 0 1
    outer loop
      vertex 19.8930435300916 12.175000000745058 15
      vertex 30 0 15
      vertex 20.30926330604013 13.067586190719622 15
    endloop
  endfacet
  facet normal 0 0 1
    outer loop
      vertex 20.30926330604013 13.067586190719622 15
      vertex 30 0 15
      vertex 30 30 15
    endloop
  endfacet
  facet normal -1 0 0
    outer loop
      vertex 0 0 0
      vertex 0 30 15
      vertex 0 30 0
    endloop
  endfacet
  facet normal 0 0 -1
    outer loop
      vertex 0 0 0
      vertex 0 30 0
      vertex 30 30 0
    endloop
  endfacet
  facet normal 0 1 0
    outer loop
      vertex 0 30 0
      vertex 0 30 15
      vertex 30 30 0
    endloop
  endfacet
  facet normal 1 0 0
    outer loop
      vertex 30 0 15
      vertex 30 30 0
      vertex 30 30 15
    endloop
  endfacet
  facet normal 0 1 0
    outer loop
      vertex 0 30 15
      vertex 30 30 15
      vertex 30 30 0
    endloop
  endfacet
  facet normal 0 0 1
    outer loop
      vertex 0 0 15
      vertex 9.690736693959868 16.93241380928038 15
      vertex 0 30 15
    endloop
  endfacet
  facet normal 0 0 1
    outer loop
      vertex 0 30 15
      vertex 9.690736693959868 16.93241380928038 15
      vertex 10.1069564699084 17.824999999254942 15
    endloop
  endfacet
  facet normal 0 0 1
    outer loop
      vertex 0 30 15
      vertex 10.1069564699084 17.824999999254942 15
      vertex 10.671848897519268 18.63174999377112 15
    endloop
  endfacet
  facet normal 0 0 1
    outer loop
      vertex 0 30 15
      vertex 10.671848897519268 18.63174999377112 15
      vertex 11.368250006228882 19.32815110248073 15
    endloop
  endfacet
  facet normal 0 0 1
    outer loop
      vertex 0 30 15
      vertex 11.368250006228882 19.32815110248073 15
      vertex 12.175000000745058 19.8930435300916 15
    endloop
  endfacet
  facet normal 0 0 1
    outer loop
      vertex 0 30 15
      vertex 12.175000000745058 19.8930435300916 15
      vertex 13.067586190719622 20.30926330604013 15
    endloop
  endfacet
  facet normal 0 0 1
    outer loop
      vertex 0 30 15
      vertex 13.067586190719622 20.30926330604013 15
      vertex 14.0188877964406 20.564163803051496 15
    endloop
  endfacet
  facet normal 0 0 1
    outer loop
      vertex 0 30 15
      vertex 14.0188877964406 20.564163803051496 15
      vertex 15 20.649999998509884 15
    endloop
  endfacet
  facet normal 0 0 1
    outer loop
      vertex 0 30 15
      vertex 15 20.649999998509884 15
      vertex 15.9811122035594 20.564163803051496 15
    endloop
  endfacet
  facet normal 0 0 1
    outer loop
      vertex 0 30 15
      vertex 15.9811122035594 20.564163803051496 15
      vertex 16.93241380928038 20.30926330604013 15
    endloop
  endfacet
  facet normal 0 0 1
    outer loop
      vertex 0 30 15
      vertex 16.93241380928038 20.30926330604013 15
      vertex 30 30 15
    endloop
  endfacet
  facet normal 0 0 1
    outer loop
      vertex 20.30926330604013 13.067586190719622 15
      vertex 30 30 15
      vertex 20.564163803051496 14.0188877964406 15
    endloop
  endfacet
  facet normal 0 0 1
    outer loop
      vertex 20.564163803051496 14.0188877964406 15
      vertex 30 30 15
      vertex 20.649999998509884 15 15
    endloop
  endfacet
  facet normal 0 0 1
    outer loop
      vertex 20.564163803051496 15.9811122035594 15
      vertex 20.649999998509884 15 15
      vertex 30 30 15
    endloop
  endfacet
  facet normal 0 0 1
    outer loop
      vertex 20.564163803051496 15.9811122035594 15
      vertex 30 30 15
      vertex 20.30926330604013 16.93241380928038 15
    endloop
  endfacet
  facet normal 0 0 1
    outer loop
      vertex 20.30926330604013 16.93241380928038 15
      vertex 30 30 15
      vertex 19.8930435300916 17.824999999254942 15
    endloop
  endfacet
  facet normal 0 0 1
    outer loop
      vertex 19.32815110248073 18.63174999377112 15
      vertex 19.8930435300916 17.824999999254942 15
      vertex 30 30 15
    endloop
  endfacet
  facet normal 0 0 1
    outer loop
      vertex 16.93241380928038 20.30926330604013 15
      vertex 17.824999999254942 19.8930435300916 15
      vertex 30 30 15
    endloop
  endfacet
  facet normal 0 0 1
    outer loop
      vertex 18.63174999377112 19.32815110248073 15
      vertex 30 30 15
      vertex 17.824999999254942 19.8930435300916 15
    endloop
  endfacet
  facet normal 0 0 1
    outer loop
      vertex 18.63174999377112 19.32815110248073 15
      vertex 19.32815110248073 18.63174999377112 15
      vertex 30 30 15
    endloop
  endfacet
  facet normal -0.684313470574898 -0.1833612418102815 0.705757556807952
    outer loop
      vertex 9.690736693959868 13.067586190719622 15
      vertex 10.160583004352823 13.238596262382456 15.5
      vertex 9.435836196948504 14.0188877964406 15
    endloop
  endfacet
  facet normal -0.6843134705748987 -0.18336124181028288 0.7057575568079509
    outer loop
      vertex 9.435836196948504 14.0188877964406 15
      vertex 10.160583004352823 13.238596262382456 15.5
      vertex 9.928240073454607 14.105711885274065 15.5
    endloop
  endfacet
  facet normal -0.7057575568079527 -0.06174578541845026 0.705757556807951
    outer loop
      vertex 9.435836196948504 14.0188877964406 15
      vertex 9.928240073454607 14.105711885274065 15.5
      vertex 9.350000001490116 15 15
    endloop
  endfacet
  facet normal -0.7057575568079533 -0.061745785418451174 0.7057575568079502
    outer loop
      vertex 9.928240073454607 14.105711885274065 15.5
      vertex 9.90842005219492 14.332255764914118 15.5
      vertex 9.350000001490116 15 15
    endloop
  endfacet
  facet normal -0.7057575568079519 -0.06174578541844866 0.7057575568079519
    outer loop
      vertex 9.350000001490116 15 15
      vertex 9.90842005219492 14.332255764914118 15.5
      vertex 9.850000001490116 15 15.5
    endloop
  endfacet
  facet normal -0.500952228764615 -0.500952228764615 0.7057575568079522
    outer loop
      vertex 10.671848897519268 11.368250006228882 15
      vertex 11.368250006228882 10.671848897519268 15
      vertex 11.689643811072152 11.054871119078758 15.5
    endloop
  endfacet
  facet normal -0.40635219715297555 -0.5803310803993013 0.7057575568079516
    outer loop
      vertex 12.175000000745058 10.1069564699084 15
      vertex 12.425000000745058 10.53996917180062 15.5
      vertex 11.368250006228882 10.671848897519268 15
    endloop
  endfacet
  facet normal -0.40635219715297577 -0.5803310803993004 0.7057575568079522
    outer loop
      vertex 11.368250006228882 10.671848897519268 15
      vertex 12.425000000745058 10.53996917180062 15.5
      vertex 11.689643811072152 11.054871119078758 15.5
    endloop
  endfacet
  facet normal -0.29940535965497495 -0.6420768658177511 0.7057575568079516
    outer loop
      vertex 12.175000000745058 10.1069564699084 15
      vertex 12.794308941395856 10.367757584550043 15.5
      vertex 12.425000000745058 10.53996917180062 15.5
    endloop
  endfacet
  facet normal -0.18336124181028177 -0.684313470574899 0.7057575568079509
    outer loop
      vertex 13.067586190719622 9.690736693959868 15
      vertex 14.0188877964406 9.435836196948504 15
      vertex 14.105711885274065 9.928240073454607 15.5
    endloop
  endfacet
  facet normal -0.29940535965497644 -0.6420768658177496 0.705757556807952
    outer loop
      vertex 12.175000000745058 10.1069564699084 15
      vertex 13.067586190719622 9.690736693959868 15
      vertex 13.238596262382456 10.160583004352823 15.5
    endloop
  endfacet
  facet normal -0.29940535965497667 -0.642076865817749 0.7057575568079525
    outer loop
      vertex 12.175000000745058 10.1069564699084 15
      vertex 13.238596262382456 10.160583004352823 15.5
      vertex 12.794308941395856 10.367757584550043 15.5
    endloop
  endfacet
  facet normal -0.18336124181028252 -0.6843134705748977 0.705757556807952
    outer loop
      vertex 13.067586190719622 9.690736693959868 15
      vertex 14.061677773906473 9.940038978034975 15.5
      vertex 13.238596262382456 10.160583004352823 15.5
    endloop
  endfacet
  facet normal -0.18336124181028346 -0.6843134705748957 0.7057575568079539
    outer loop
      vertex 13.067586190719622 9.690736693959868 15
      vertex 14.105711885274065 9.928240073454607 15.5
      vertex 14.061677773906473 9.940038978034975 15.5
    endloop
  endfacet
  facet normal -0.06174578541845018 -0.7057575568079518 0.7057575568079518
    outer loop
      vertex 14.0188877964406 9.435836196948504 15
      vertex 15 9.350000001490116 15
      vertex 15 9.850000001490116 15.5
    endloop
  endfacet
  facet normal -0.06174578541844934 -0.7057575568079528 0.7057575568079509
    outer loop
      vertex 14.0188877964406 9.435836196948504 15
      vertex 15 9.850000001490116 15.5
      vertex 14.105711885274065 9.928240073454607 15.5
    endloop
  endfacet
  facet normal 0.06174578541845026 -0.7057575568079527 0.705757556807951
    outer loop
      vertex 15 9.350000001490116 15
      vertex 15.9811122035594 9.435836196948504 15
      vertex 15.894288114725935 9.928240073454607 15.5
    endloop
  endfacet
  facet normal 0.061745785418449266 -0.7057575568079519 0.7057575568079519
    outer loop
      vertex 15 9.350000001490116 15
      vertex 15.894288114725935 9.928240073454607 15.5
      vertex 15 9.850000001490116 15.5
    endloop
  endfacet
  facet normal 0.1833612418102842 -0.6843134705748984 0.7057575568079509
    outer loop
      vertex 15.894288114725935 9.928240073454607 15.5
      vertex 15.9811122035594 9.435836196948504 15
      vertex 15.938322226093527 9.940038978034975 15.5
    endloop
  endfacet
  facet normal 0.1833612418102824 -0.6843134705748988 0.705757556807951
    outer loop
      vertex 15.9811122035594 9.435836196948504 15
      vertex 16.761403737617545 10.160583004352823 15.5
      vertex 15.938322226093527 9.940038978034975 15.5
    endloop
  endfacet
  facet normal 0.18336124181028118 -0.6843134705748981 0.7057575568079519
    outer loop
      vertex 15.9811122035594 9.435836196948504 15
      vertex 16.93241380928038 9.690736693959868 15
      vertex 16.761403737617545 10.160583004352823 15.5
    endloop
  endfacet
  facet normal 0.2994053596549772 -0.64207686581775 0.7057575568079515
    outer loop
      vertex 16.93241380928038 9.690736693959868 15
      vertex 17.824999999254942 10.1069564699084 15
      vertex 17.574999999254942 10.53996917180062 15.5
    endloop
  endfacet
  facet normal 0.2994053596549769 -0.6420768658177495 0.7057575568079522
    outer loop
      vertex 16.93241380928038 9.690736693959868 15
      vertex 17.205691058604145 10.367757584550043 15.5
      vertex 16.761403737617545 10.160583004352823 15.5
    endloop
  endfacet
  facet normal 0.29940535965497556 -0.6420768658177495 0.7057575568079527
    outer loop
      vertex 16.93241380928038 9.690736693959868 15
      vertex 17.574999999254942 10.53996917180062 15.5
      vertex 17.205691058604145 10.367757584550043 15.5
    endloop
  endfacet
  facet normal 0.4063521971529742 -0.5803310803993006 0.7057575568079528
    outer loop
      vertex 17.824999999254942 10.1069564699084 15
      vertex 18.63174999377112 10.671848897519268 15
      vertex 18.310356188927848 11.054871119078758 15.5
    endloop
  endfacet
  facet normal 0.40635219715297616 -0.5803310803993009 0.7057575568079515
    outer loop
      vertex 17.574999999254942 10.53996917180062 15.5
      vertex 17.824999999254942 10.1069564699084 15
      vertex 18.310356188927848 11.054871119078758 15.5
    endloop
  endfacet
  facet normal 0.5009522287646143 -0.5009522287646143 0.705757556807953
    outer loop
      vertex 18.63174999377112 10.671848897519268 15
      vertex 18.724929109179676 11.469444039330586 15.5
      vertex 18.310356188927848 11.054871119078758 15.5
    endloop
  endfacet
  facet normal 0.5009522287646155 -0.5009522287646143 0.7057575568079522
    outer loop
      vertex 18.63174999377112 10.671848897519268 15
      vertex 19.32815110248073 11.368250006228882 15
      vertex 18.945128880921242 11.689643811072152 15.5
    endloop
  endfacet
  facet normal -0.5732604645991481 -0.8187007898613309 0.03318819681756724
    outer loop
      vertex 11.689643811072152 11.054871119078758 15.5
      vertex 12.425000000745058 10.53996917180062 15.5
      vertex 12.574999999254942 10.799776790354993 24.5
    endloop
  endfacet
  facet normal -0.25867646688291157 -0.9653937171294271 0.03318819681756736
    outer loop
      vertex 14.105711885274065 9.928240073454607 15.5
      vertex 14.157806338056632 10.223682396423314 24.5
      vertex 14.061677773906473 9.940038978034975 15.5
    endloop
  endfacet
  facet normal -0.08710773039746639 -0.9956459144178723 0.03318819681756729
    outer loop
      vertex 14.105711885274065 9.928240073454607 15.5
      vertex 15 9.850000001490116 15.5
      vertex 15 10.149999998509884 24.5
    endloop
  endfacet
  facet normal -0.4223854498187223 -0.9058085202587984 0.0331881968175671
    outer loop
      vertex 12.425000000745058 10.53996917180062 15.5
      vertex 12.794308941395856 10.367757584550043 15.5
      vertex 12.973261365291703 10.61406446542478 24.5
    endloop
  endfacet
  facet normal 0.08710773039746639 -0.9956459144178723 0.03318819681756737
    outer loop
      vertex 15 9.850000001490116 15.5
      vertex 15.894288114725935 9.928240073454607 15.5
      vertex 15.842193661943368 10.223682396423314 24.5
    endloop
  endfacet
  facet normal 0.25867646688291157 -0.9653937171294271 0.0331881968175673
    outer loop
      vertex 15.894288114725935 9.928240073454607 15.5
      vertex 15.938322226093527 9.940038978034975 15.5
      vertex 15.938322226093526 10.249439967556912 24.5
    endloop
  endfacet
  facet normal 0.42238544981872395 -0.9058085202587977 0.03318819681756724
    outer loop
      vertex 17.574999999254942 10.53996917180062 15.5
      vertex 17.425000000745058 10.799776790354993 24.5
      vertex 17.205691058604145 10.367757584550043 15.5
    endloop
  endfacet
  facet normal 0.5732604645991481 -0.8187007898613309 0.033188196817567385
    outer loop
      vertex 17.574999999254942 10.53996917180062 15.5
      vertex 18.310356188927848 11.054871119078758 15.5
      vertex 18.11751990793754 11.284684449731461 24.5
    endloop
  endfacet
  facet normal -0.500952228764615 -0.500952228764615 0.7057575568079522
    outer loop
      vertex 10.671848897519268 11.368250006228882 15
      vertex 11.689643811072152 11.054871119078758 15.5
      vertex 11.275070890820324 11.469444039330586 15.5
    endloop
  endfacet
  facet normal -0.5009522287646149 -0.5009522287646149 0.7057575568079522
    outer loop
      vertex 10.671848897519268 11.368250006228882 15
      vertex 11.275070890820324 11.469444039330586 15.5
      vertex 11.054871119078758 11.689643811072152 15.5
    endloop
  endfacet
  facet normal -0.5803310803993008 -0.40635219715297527 0.7057575568079523
    outer loop
      vertex 10.1069564699084 12.175000000745058 15
      vertex 10.671848897519268 11.368250006228882 15
      vertex 11.054871119078758 11.689643811072152 15.5
    endloop
  endfacet
  facet normal -0.5803310803993009 -0.40635219715297616 0.7057575568079515
    outer loop
      vertex 10.1069564699084 12.175000000745058 15
      vertex 11.054871119078758 11.689643811072152 15.5
      vertex 10.53996917180062 12.425000000745058 15.5
    endloop
  endfacet
  facet normal -0.6420768658177501 -0.29940535965497667 0.7057575568079515
    outer loop
      vertex 10.1069564699084 12.175000000745058 15
      vertex 10.53996917180062 12.425000000745058 15.5
      vertex 9.690736693959868 13.067586190719622 15
    endloop
  endfacet
  facet normal -0.642076865817748 -0.2994053596549702 0.7057575568079563
    outer loop
      vertex 9.690736693959868 13.067586190719622 15
      vertex 10.53996917180062 12.425000000745058 15.5
      vertex 10.483584518973732 12.545917278942849 15.5
    endloop
  endfacet
  facet normal -0.6420768658177496 -0.29940535965497656 0.705757556807952
    outer loop
      vertex 9.690736693959868 13.067586190719622 15
      vertex 10.483584518973732 12.545917278942849 15.5
      vertex 10.160583004352823 13.238596262382456 15.5
    endloop
  endfacet
  facet normal 0.5009522287646143 -0.5009522287646143 0.705757556807953
    outer loop
      vertex 18.63174999377112 10.671848897519268 15
      vertex 18.945128880921242 11.689643811072152 15.5
      vertex 18.724929109179676 11.469444039330586 15.5
    endloop
  endfacet
  facet normal 0.5803310803993005 -0.406352197152975 0.7057575568079526
    outer loop
      vertex 19.32815110248073 11.368250006228882 15
      vertex 19.8930435300916 12.175000000745058 15
      vertex 19.46003082819938 12.425000000745058 15.5
    endloop
  endfacet
  facet normal 0.5803310803993011 -0.4063521971529749 0.7057575568079522
    outer loop
      vertex 19.32815110248073 11.368250006228882 15
      vertex 19.46003082819938 12.425000000745058 15.5
      vertex 18.945128880921242 11.689643811072152 15.5
    endloop
  endfacet
  facet normal 0.6420768658177475 -0.29940535965497944 0.7057575568079528
    outer loop
      vertex 19.8930435300916 12.175000000745058 15
      vertex 19.516415481026268 12.545917278942849 15.5
      vertex 19.46003082819938 12.425000000745058 15.5
    endloop
  endfacet
  facet normal 0.6420768658177496 -0.29940535965497656 0.7057575568079522
    outer loop
      vertex 19.8930435300916 12.175000000745058 15
      vertex 19.839416995647177 13.238596262382456 15.5
      vertex 19.516415481026268 12.545917278942849 15.5
    endloop
  endfacet
  facet normal -0.7067172502465178 -0.7067172502465178 0.03318819681756725
    outer loop
      vertex 11.689643811072152 11.054871119078758 15.5
      vertex 11.882480092062456 11.284684449731461 24.5
      vertex 11.275070890820324 11.469444039330586 15.5
    endloop
  endfacet
  facet normal -0.9058085202587972 -0.42238544981872495 0.033188196817567094
    outer loop
      vertex 10.160583004352823 13.238596262382456 15.5
      vertex 10.483584518973732 12.545917278942849 15.5
      vertex 10.76995028084994 12.638963155303172 24.5
    endloop
  endfacet
  facet normal -0.9653937171294276 -0.2586764668829097 0.03318819681756714
    outer loop
      vertex 10.160583004352823 13.238596262382456 15.5
      vertex 10.442490787788092 13.341202304360857 24.5
      vertex 9.928240073454607 14.105711885274065 15.5
    endloop
  endfacet
  facet normal -0.9956459144178719 -0.08710773039746887 0.03318819681756738
    outer loop
      vertex 9.928240073454607 14.105711885274065 15.5
      vertex 10.223682396423314 14.157806338056632 24.5
      vertex 9.90842005219492 14.332255764914118 15.5
    endloop
  endfacet
  facet normal 0.7067172502465178 -0.7067172502465178 0.03318819681756726
    outer loop
      vertex 18.310356188927848 11.054871119078758 15.5
      vertex 18.724929109179676 11.469444039330586 15.5
      vertex 18.547074864454903 11.71423940624882 24.5
    endloop
  endfacet
  facet normal 0.9058085202587972 -0.42238544981872495 0.03318819681756715
    outer loop
      vertex 19.839416995647177 13.238596262382456 15.5
      vertex 19.557509212211908 13.341202304360857 24.5
      vertex 19.516415481026268 12.545917278942849 15.5
    endloop
  endfacet
  facet normal 0.9653937171294276 -0.2586764668829097 0.033188196817567364
    outer loop
      vertex 19.839416995647177 13.238596262382456 15.5
      vertex 20.071759926545393 14.105711885274065 15.5
      vertex 19.776317603576686 14.157806338056632 24.5
    endloop
  endfacet
  facet normal 0.9956459144178719 -0.08710773039746887 0.03318819681756735
    outer loop
      vertex 20.071759926545393 14.105711885274065 15.5
      vertex 20.09157994780508 14.332255764914118 15.5
      vertex 19.799872263851636 14.427037336973076 24.5
    endloop
  endfacet
  facet normal -0.5732604645991484 -0.8187007898613308 0.033188196817567274
    outer loop
      vertex 11.689643811072152 11.054871119078758 15.5
      vertex 12.574999999254942 10.799776790354993 24.5
      vertex 11.882480092062456 11.284684449731461 24.5
    endloop
  endfacet
  facet normal -0.258676466882906 -0.9653937171294286 0.03318819681756734
    outer loop
      vertex 14.157806338056632 10.223682396423314 24.5
      vertex 14.061677773906474 10.249439967556912 24.5
      vertex 14.061677773906473 9.940038978034975 15.5
    endloop
  endfacet
  facet normal -0.08710773039746723 -0.995645914417872 0.033188196817567364
    outer loop
      vertex 14.105711885274065 9.928240073454607 15.5
      vertex 15 10.149999998509884 24.5
      vertex 14.157806338056632 10.223682396423314 24.5
    endloop
  endfacet
  facet normal -0.4223854498187246 -0.9058085202587973 0.03318819681756724
    outer loop
      vertex 12.425000000745058 10.53996917180062 15.5
      vertex 12.973261365291703 10.61406446542478 24.5
      vertex 12.574999999254942 10.799776790354993 24.5
    endloop
  endfacet
  facet normal 0.08710773039746723 -0.995645914417872 0.03318819681756728
    outer loop
      vertex 15 9.850000001490116 15.5
      vertex 15.842193661943368 10.223682396423314 24.5
      vertex 15 10.149999998509884 24.5
    endloop
  endfacet
  facet normal 0.258676466882906 -0.9653937171294286 0.03318819681756738
    outer loop
      vertex 15.894288114725935 9.928240073454607 15.5
      vertex 15.938322226093526 10.249439967556912 24.5
      vertex 15.842193661943368 10.223682396423314 24.5
    endloop
  endfacet
  facet normal 0.4223854498187261 -0.9058085202587965 0.033188196817567135
    outer loop
      vertex 17.425000000745058 10.799776790354993 24.5
      vertex 17.0267386347083 10.61406446542478 24.5
      vertex 17.205691058604145 10.367757584550043 15.5
    endloop
  endfacet
  facet normal 0.5732604645991494 -0.8187007898613301 0.03318819681756723
    outer loop
      vertex 17.574999999254942 10.53996917180062 15.5
      vertex 18.11751990793754 11.284684449731461 24.5
      vertex 17.425000000745058 10.799776790354993 24.5
    endloop
  endfacet
  facet normal -0.40635219715297577 -0.5803310803992999 0.7057575568079525
    outer loop
      vertex 12.574999999254942 10.799776790354993 24.5
      vertex 12.824999999254942 11.232789492247214 25
      vertex 11.882480092062456 11.284684449731461 24.5
    endloop
  endfacet
  facet normal -0.2994053596549758 -0.6420768658177486 0.7057575568079534
    outer loop
      vertex 12.574999999254942 10.799776790354993 24.5
      vertex 12.973261365291703 10.61406446542478 24.5
      vertex 13.223152282344053 10.958009805745597 24.918922933475343
    endloop
  endfacet
  facet normal -0.29940535965497495 -0.6420768658177498 0.7057575568079526
    outer loop
      vertex 12.574999999254942 10.799776790354993 24.5
      vertex 13.223152282344053 10.958009805745597 24.918922933475343
      vertex 12.824999999254942 11.232789492247214 25
    endloop
  endfacet
  facet normal -0.29940535965497816 -0.6420768658177552 0.7057575568079462
    outer loop
      vertex 12.824999999254942 11.232789492247214 25
      vertex 13.496508478236345 10.86919099361289 24.954084874549643
      vertex 13.512212376023692 10.912337098181048 25
    endloop
  endfacet
  facet normal -0.18336124181028796 -0.6843134705749022 0.7057575568079462
    outer loop
      vertex 13.512212376023692 10.912337098181048 25
      vertex 13.496508478236345 10.86919099361289 24.954084874549643
      vertex 14.061677773906474 10.685556357743586 24.922865214356396
    endloop
  endfacet
  facet normal -0.29940535965497433 -0.6420768658177491 0.7057575568079535
    outer loop
      vertex 12.824999999254942 11.232789492247214 25
      vertex 13.223152282344053 10.958009805745597 24.918922933475343
      vertex 13.496508478236345 10.86919099361289 24.954084874549643
    endloop
  endfacet
  facet normal -0.18336124181028027 -0.6843134705748994 0.7057575568079512
    outer loop
      vertex 14.157806338056632 10.223682396423314 24.5
      vertex 14.244630426890097 10.716086272929417 25
      vertex 14.061677773906474 10.249439967556912 24.5
    endloop
  endfacet
  facet normal -0.18336124181028254 -0.6843134705748928 0.7057575568079568
    outer loop
      vertex 13.512212376023692 10.912337098181048 25
      vertex 14.061677773906474 10.685556357743586 24.922865214356396
      vertex 14.244630426890097 10.716086272929417 25
    endloop
  endfacet
  facet normal -0.1833612418102789 -0.6843134705748998 0.705757556807951
    outer loop
      vertex 14.244630426890097 10.716086272929417 25
      vertex 14.061677773906474 10.685556357743586 24.922865214356396
      vertex 14.061677773906474 10.249439967556912 24.5
    endloop
  endfacet
  facet normal -0.06174578541844988 -0.7057575568079519 0.7057575568079519
    outer loop
      vertex 14.157806338056632 10.223682396423314 24.5
      vertex 15 10.149999998509884 24.5
      vertex 15 10.649999998509884 25
    endloop
  endfacet
  facet normal -0.06174578541844883 -0.7057575568079528 0.705757556807951
    outer loop
      vertex 14.157806338056632 10.223682396423314 24.5
      vertex 15 10.649999998509884 25
      vertex 14.244630426890097 10.716086272929417 25
    endloop
  endfacet
  facet normal 0 0 1
    outer loop
      vertex 14.244630426890097 10.716086272929417 25
      vertex 15 10.649999998509884 25
      vertex 14.505 11.875 25
    endloop
  endfacet
  facet normal 0.06174578541844995 -0.7057575568079527 0.7057575568079509
    outer loop
      vertex 15 10.149999998509884 24.5
      vertex 15.842193661943368 10.223682396423314 24.5
      vertex 15.755369573109903 10.716086272929417 25
    endloop
  endfacet
  facet normal 0.06174578541844874 -0.7057575568079518 0.7057575568079518
    outer loop
      vertex 15 10.149999998509884 24.5
      vertex 15.755369573109903 10.716086272929417 25
      vertex 15 10.649999998509884 25
    endloop
  endfacet
  facet normal 0.1833612418102803 -0.6843134705748997 0.7057575568079509
    outer loop
      vertex 15.842193661943368 10.223682396423314 24.5
      vertex 15.938322226093526 10.249439967556912 24.5
      vertex 15.938322226093526 10.685556357743586 24.922865214356396
    endloop
  endfacet
  facet normal 0.18336124181027905 -0.6843134705748996 0.7057575568079512
    outer loop
      vertex 15.842193661943368 10.223682396423314 24.5
      vertex 15.938322226093526 10.685556357743586 24.922865214356396
      vertex 15.755369573109903 10.716086272929417 25
    endloop
  endfacet
  facet normal 0.18336124181028227 -0.6843134705748933 0.7057575568079565
    outer loop
      vertex 15.755369573109903 10.716086272929417 25
      vertex 15.938322226093526 10.685556357743586 24.922865214356396
      vertex 16.48778762397631 10.912337098181048 25
    endloop
  endfacet
  facet normal 0 0 1
    outer loop
      vertex 15 10.649999998509884 25
      vertex 15.755369573109903 10.716086272929417 25
      vertex 15.495 11.875 25
    endloop
  endfacet
  facet normal 0 0 1
    outer loop
      vertex 15.755369573109903 10.716086272929417 25
      vertex 16.48778762397631 10.912337098181048 25
      vertex 15.495 11.875 25
    endloop
  endfacet
  facet normal 0.1833612418102803 -0.68431347057489 0.7057575568079603
    outer loop
      vertex 16.48778762397631 10.912337098181048 25
      vertex 15.938322226093526 10.685556357743586 24.922865214356396
      vertex 16.503491521763657 10.869190993612891 24.954084874549647
    endloop
  endfacet
  facet normal 0.299405359654979 -0.6420768658177388 0.7057575568079608
    outer loop
      vertex 16.48778762397631 10.912337098181048 25
      vertex 16.503491521763657 10.869190993612891 24.954084874549647
      vertex 16.776847717655947 10.958009805745597 24.918922933475343
    endloop
  endfacet
  facet normal 0.29940535965497783 -0.6420768658177527 0.7057575568079487
    outer loop
      vertex 16.48778762397631 10.912337098181048 25
      vertex 16.776847717655947 10.958009805745597 24.918922933475343
      vertex 17.175000000745058 11.232789492247214 25
    endloop
  endfacet
  facet normal 0.2994053596549771 -0.6420768658177487 0.7057575568079527
    outer loop
      vertex 17.175000000745058 11.232789492247214 25
      vertex 17.0267386347083 10.61406446542478 24.5
      vertex 17.425000000745058 10.799776790354993 24.5
    endloop
  endfacet
  facet normal 0.2994053596549741 -0.6420768658177488 0.7057575568079538
    outer loop
      vertex 17.175000000745058 11.232789492247214 25
      vertex 16.776847717655947 10.958009805745597 24.918922933475343
      vertex 17.0267386347083 10.61406446542478 24.5
    endloop
  endfacet
  facet normal 0.4063521971529754 -0.5803310803993003 0.7057575568079525
    outer loop
      vertex 17.175000000745058 11.232789492247214 25
      vertex 17.425000000745058 10.799776790354993 24.5
      vertex 17.796126103094274 11.66770667129095 25
    endloop
  endfacet
  facet normal -0.7067172502465178 -0.7067172502465178 0.03318819681756725
    outer loop
      vertex 11.882480092062456 11.284684449731461 24.5
      vertex 11.452925135545097 11.71423940624882 24.5
      vertex 11.275070890820324 11.469444039330586 15.5
    endloop
  endfacet
  facet normal -0.9058085202587974 -0.4223854498187244 0.033188196817567156
    outer loop
      vertex 10.160583004352823 13.238596262382456 15.5
      vertex 10.76995028084994 12.638963155303172 24.5
      vertex 10.442490787788092 13.341202304360857 24.5
    endloop
  endfacet
  facet normal -0.9653937171294282 -0.25867646688290746 0.03318819681756737
    outer loop
      vertex 9.928240073454607 14.105711885274065 15.5
      vertex 10.442490787788092 13.341202304360857 24.5
      vertex 10.223682396423314 14.157806338056632 24.5
    endloop
  endfacet
  facet normal -0.9956459144178719 -0.08710773039746987 0.03318819681756736
    outer loop
      vertex 10.223682396423314 14.157806338056632 24.5
      vertex 10.200127736148364 14.427037336973076 24.5
      vertex 9.90842005219492 14.332255764914118 15.5
    endloop
  endfacet
  facet normal 0.7067172502465162 -0.7067172502465192 0.0331881968175674
    outer loop
      vertex 18.310356188927848 11.054871119078758 15.5
      vertex 18.547074864454903 11.71423940624882 24.5
      vertex 18.11751990793754 11.284684449731461 24.5
    endloop
  endfacet
  facet normal 0.9058085202587974 -0.4223854498187244 0.0331881968175671
    outer loop
      vertex 19.557509212211908 13.341202304360857 24.5
      vertex 19.23004971915006 12.638963155303172 24.5
      vertex 19.516415481026268 12.545917278942849 15.5
    endloop
  endfacet
  facet normal 0.9653937171294282 -0.25867646688290746 0.03318819681756715
    outer loop
      vertex 19.839416995647177 13.238596262382456 15.5
      vertex 19.776317603576686 14.157806338056632 24.5
      vertex 19.557509212211908 13.341202304360857 24.5
    endloop
  endfacet
  facet normal 0.9956459144178719 -0.08710773039746987 0.03318819681756738
    outer loop
      vertex 20.071759926545393 14.105711885274065 15.5
      vertex 19.799872263851636 14.427037336973076 24.5
      vertex 19.776317603576686 14.157806338056632 24.5
    endloop
  endfacet
  facet normal -0.5009522287646149 -0.5009522287646149 0.7057575568079523
    outer loop
      vertex 11.882480092062456 11.284684449731461 24.5
      vertex 12.203873896905726 11.66770667129095 25
      vertex 11.452925135545097 11.71423940624882 24.5
    endloop
  endfacet
  facet normal -0.40635219715297555 -0.5803310803993005 0.7057575568079522
    outer loop
      vertex 12.824999999254942 11.232789492247214 25
      vertex 12.203873896905726 11.66770667129095 25
      vertex 11.882480092062456 11.284684449731461 24.5
    endloop
  endfacet
  facet normal -0.5009522287646149 -0.500952228764615 0.7057575568079522
    outer loop
      vertex 12.203873896905726 11.66770667129095 25
      vertex 11.704915028125264 12.061073738537635 24.92505011415413
      vertex 11.452925135545097 11.71423940624882 24.5
    endloop
  endfacet
  facet normal -0.5009522287646148 -0.5009522287646148 0.7057575568079525
    outer loop
      vertex 11.66770667129095 12.203873896905726 25
      vertex 11.704915028125264 12.061073738537635 24.92505011415413
      vertex 12.203873896905726 11.66770667129095 25
    endloop
  endfacet
  facet normal -0.5009522287646213 -0.5009522287646143 0.7057575568079483
    outer loop
      vertex 11.66770667129095 12.203873896905726 25
      vertex 11.626367013706009 12.169185805473207 24.946034909650116
      vertex 11.704915028125264 12.061073738537635 24.92505011415413
    endloop
  endfacet
  facet normal -0.6420768658177486 -0.29940535965497683 0.7057575568079528
    outer loop
      vertex 11.232789492247214 12.824999999254942 25
      vertex 10.76995028084994 12.638963155303172 24.5
      vertex 11.091557518788898 12.743459681360601 24.83691936421132
    endloop
  endfacet
  facet normal -0.5803310803992958 -0.40635219715298193 0.7057575568079525
    outer loop
      vertex 11.232789492247214 12.824999999254942 25
      vertex 11.091557518788898 12.743459681360601 24.83691936421132
      vertex 11.186677773906474 12.774366125759 24.93292987285424
    endloop
  endfacet
  facet normal -0.642076865817749 -0.2994053596549758 0.7057575568079528
    outer loop
      vertex 11.232789492247214 12.824999999254942 25
      vertex 10.442490787788092 13.341202304360857 24.5
      vertex 10.76995028084994 12.638963155303172 24.5
    endloop
  endfacet
  facet normal -0.5803310803993038 -0.4063521971529779 0.7057575568079482
    outer loop
      vertex 11.232789492247214 12.824999999254942 25
      vertex 11.626367013706009 12.169185805473207 24.946034909650116
      vertex 11.66770667129095 12.203873896905726 25
    endloop
  endfacet
  facet normal -0.5803310803993007 -0.40635219715297627 0.7057575568079515
    outer loop
      vertex 11.232789492247214 12.824999999254942 25
      vertex 11.186677773906474 12.774366125759 24.93292987285424
      vertex 11.626367013706009 12.169185805473207 24.946034909650116
    endloop
  endfacet
  facet normal 0 0 1
    outer loop
      vertex 11.66770667129095 12.203873896905726 25
      vertex 12.203873896905726 11.66770667129095 25
      vertex 11.875 14.505 25
    endloop
  endfacet
  facet normal 0 0 1
    outer loop
      vertex 13.512212376023692 10.912337098181048 25
      vertex 14.244630426890097 10.716086272929417 25
      vertex 14.505 14.505 25
    endloop
  endfacet
  facet normal 0 0 1
    outer loop
      vertex 12.824999999254942 11.232789492247214 25
      vertex 13.512212376023692 10.912337098181048 25
      vertex 14.505 14.505 25
    endloop
  endfacet
  facet normal 0 0 1
    outer loop
      vertex 12.824999999254942 11.232789492247214 25
      vertex 14.505 14.505 25
      vertex 12.203873896905726 11.66770667129095 25
    endloop
  endfacet
  facet normal 0 0 1
    outer loop
      vertex 14.244630426890097 10.716086272929417 25
      vertex 14.505 11.875 25
      vertex 14.505 14.505 25
    endloop
  endfacet
  facet normal -0.6420768658177488 -0.2994053596549752 0.7057575568079533
    outer loop
      vertex 11.232789492247214 12.824999999254942 25
      vertex 10.912337098181048 13.512212376023692 25
      vertex 10.442490787788092 13.341202304360857 24.5
    endloop
  endfacet
  facet normal -0.6843134705748969 -0.18336124181028066 0.7057575568079533
    outer loop
      vertex 10.223682396423314 14.157806338056632 24.5
      vertex 10.442490787788092 13.341202304360857 24.5
      vertex 10.912337098181048 13.512212376023692 25
    endloop
  endfacet
  facet normal -0.6843134705748984 -0.18336124181028407 0.7057575568079509
    outer loop
      vertex 10.223682396423314 14.157806338056632 24.5
      vertex 10.912337098181048 13.512212376023692 25
      vertex 10.716086272929417 14.244630426890097 25
    endloop
  endfacet
  facet normal 0 0 1
    outer loop
      vertex 11.232789492247214 12.824999999254942 25
      vertex 11.66770667129095 12.203873896905726 25
      vertex 11.875 14.505 25
    endloop
  endfacet
  facet normal 0 0 1
    outer loop
      vertex 11.232789492247214 12.824999999254942 25
      vertex 11.875 14.505 25
      vertex 10.912337098181048 13.512212376023692 25
    endloop
  endfacet
  facet normal -0.7057575568079524 -0.0617457854184518 0.705757556807951
    outer loop
      vertex 10.223682396423314 14.157806338056632 24.5
      vertex 10.716086272929417 14.244630426890097 25
      vertex 10.200127736148364 14.427037336973076 24.5
    endloop
  endfacet
  facet normal -0.7057575568079516 -0.06174578541844528 0.7057575568079525
    outer loop
      vertex 10.716086272929417 14.244630426890097 25
      vertex 10.60676274578121 14.559161060780646 24.91819433764884
      vertex 10.200127736148364 14.427037336973076 24.5
    endloop
  endfacet
  facet normal 0 0 1
    outer loop
      vertex 10.912337098181048 13.512212376023692 25
      vertex 11.875 14.505 25
      vertex 10.716086272929417 14.244630426890097 25
    endloop
  endfacet
  facet normal -0.7057575568079518 -0.06174578541845101 0.7057575568079518
    outer loop
      vertex 10.649999998509884 15 25
      vertex 10.60676274578121 15 24.956762747271327
      vertex 10.60676274578121 14.559161060780646 24.91819433764884
    endloop
  endfacet
  facet normal -0.7057575568079579 -0.06174578541844928 0.7057575568079457
    outer loop
      vertex 10.716086272929417 14.244630426890097 25
      vertex 10.649999998509884 15 25
      vertex 10.60676274578121 14.559161060780646 24.91819433764884
    endloop
  endfacet
  facet normal 0 0 1
    outer loop
      vertex 10.716086272929417 14.244630426890097 25
      vertex 11.875 14.505 25
      vertex 10.649999998509884 15 25
    endloop
  endfacet
  facet normal 0 0 1
    outer loop
      vertex 12.203873896905726 11.66770667129095 25
      vertex 14.505 14.505 25
      vertex 11.875 14.505 25
    endloop
  endfacet
  facet normal 0 0 1
    outer loop
      vertex 15 10.649999998509884 25
      vertex 15.495 11.875 25
      vertex 14.505 11.875 25
    endloop
  endfacet
  facet normal 0 0 1
    outer loop
      vertex 16.48778762397631 10.912337098181048 25
      vertex 17.175000000745058 11.232789492247214 25
      vertex 15.495 11.875 25
    endloop
  endfacet
  facet normal 0 0 1
    outer loop
      vertex 17.175000000745058 11.232789492247214 25
      vertex 17.796126103094274 11.66770667129095 25
      vertex 15.495 11.875 25
    endloop
  endfacet
  facet normal 0 0 1
    outer loop
      vertex 17.796126103094274 11.66770667129095 25
      vertex 18.33229332870905 12.203873896905726 25
      vertex 15.495 11.875 25
    endloop
  endfacet
  facet normal 0 0 1
    outer loop
      vertex 18.33229332870905 12.203873896905726 25
      vertex 15.495 14.505 25
      vertex 15.495 11.875 25
    endloop
  endfacet
  facet normal 0.40635219715297705 -0.5803310803993004 0.7057575568079514
    outer loop
      vertex 17.425000000745058 10.799776790354993 24.5
      vertex 18.11751990793754 11.284684449731461 24.5
      vertex 17.796126103094274 11.66770667129095 25
    endloop
  endfacet
  facet normal 0.5009522287646154 -0.5009522287646158 0.7057575568079513
    outer loop
      vertex 17.796126103094274 11.66770667129095 25
      vertex 18.11751990793754 11.284684449731461 24.5
      vertex 18.295084971874736 12.061073738537635 24.92505011415413
    endloop
  endfacet
  facet normal 0.5009522287646139 -0.500952228764616 0.7057575568079522
    outer loop
      vertex 18.11751990793754 11.284684449731461 24.5
      vertex 18.547074864454903 11.71423940624882 24.5
      vertex 18.295084971874736 12.061073738537635 24.92505011415413
    endloop
  endfacet
  facet normal 0.5009522287646113 -0.5009522287646092 0.7057575568079587
    outer loop
      vertex 17.796126103094274 11.66770667129095 25
      vertex 18.295084971874736 12.061073738537635 24.92505011415413
      vertex 18.37363298629399 12.169185805473207 24.946034909650116
    endloop
  endfacet
  facet normal 0.5009522287646179 -0.5009522287646179 0.705757556807948
    outer loop
      vertex 17.796126103094274 11.66770667129095 25
      vertex 18.37363298629399 12.169185805473207 24.946034909650116
      vertex 18.33229332870905 12.203873896905726 25
    endloop
  endfacet
  facet normal 0.5803310803993033 -0.40635219715297827 0.7057575568079484
    outer loop
      vertex 18.33229332870905 12.203873896905726 25
      vertex 18.37363298629399 12.169185805473207 24.946034909650116
      vertex 18.813322226093526 12.774366125759 24.93292987285424
    endloop
  endfacet
  facet normal 0.580331080399301 -0.40635219715297594 0.7057575568079516
    outer loop
      vertex 18.33229332870905 12.203873896905726 25
      vertex 18.813322226093526 12.774366125759 24.93292987285424
      vertex 18.767210507752786 12.824999999254942 25
    endloop
  endfacet
  facet normal 0.6420768658177683 -0.29940535965493137 0.7057575568079542
    outer loop
      vertex 18.767210507752786 12.824999999254942 25
      vertex 18.908442481211104 12.743459681360601 24.83691936421132
      vertex 19.23004971915006 12.638963155303172 24.5
    endloop
  endfacet
  facet normal 0.5803310803992824 -0.40635219715299703 0.7057575568079548
    outer loop
      vertex 18.767210507752786 12.824999999254942 25
      vertex 18.813322226093526 12.774366125759 24.93292987285424
      vertex 18.908442481211104 12.743459681360601 24.83691936421132
    endloop
  endfacet
  facet normal 0.6420768658177493 -0.2994053596549754 0.7057575568079529
    outer loop
      vertex 18.767210507752786 12.824999999254942 25
      vertex 19.23004971915006 12.638963155303172 24.5
      vertex 19.087662901818952 13.512212376023692 25
    endloop
  endfacet
  facet normal 0 0 1
    outer loop
      vertex 18.33229332870905 12.203873896905726 25
      vertex 18.767210507752786 12.824999999254942 25
      vertex 15.495 14.505 25
    endloop
  endfacet
  facet normal 0 0 1
    outer loop
      vertex 18.767210507752786 12.824999999254942 25
      vertex 19.087662901818952 13.512212376023692 25
      vertex 15.495 14.505 25
    endloop
  endfacet
  facet normal 0.6420768658177487 -0.2994053596549756 0.7057575568079533
    outer loop
      vertex 19.087662901818952 13.512212376023692 25
      vertex 19.23004971915006 12.638963155303172 24.5
      vertex 19.557509212211908 13.341202304360857 24.5
    endloop
  endfacet
  facet normal 0.6843134705748962 -0.18336124181028346 0.7057575568079535
    outer loop
      vertex 19.087662901818952 13.512212376023692 25
      vertex 19.557509212211908 13.341202304360857 24.5
      vertex 19.283913727070583 14.244630426890097 25
    endloop
  endfacet
  facet normal 0.6843134705748991 -0.18336124181028124 0.705757556807951
    outer loop
      vertex 19.557509212211908 13.341202304360857 24.5
      vertex 19.776317603576686 14.157806338056632 24.5
      vertex 19.283913727070583 14.244630426890097 25
    endloop
  endfacet
  facet normal 0 0 1
    outer loop
      vertex 19.087662901818952 13.512212376023692 25
      vertex 19.283913727070583 14.244630426890097 25
      vertex 15.495 14.505 25
    endloop
  endfacet
  facet normal 0 0 1
    outer loop
      vertex 19.283913727070583 14.244630426890097 25
      vertex 18.125 14.505 25
      vertex 15.495 14.505 25
    endloop
  endfacet
  facet normal 0.7057575568079503 -0.06174578541845162 0.7057575568079533
    outer loop
      vertex 19.776317603576686 14.157806338056632 24.5
      vertex 19.799872263851636 14.427037336973076 24.5
      vertex 19.39323725421879 14.559161060780646 24.91819433764884
    endloop
  endfacet
  facet normal 0.7057575568079532 -0.0617457854184463 0.7057575568079508
    outer loop
      vertex 19.283913727070583 14.244630426890097 25
      vertex 19.776317603576686 14.157806338056632 24.5
      vertex 19.39323725421879 14.559161060780646 24.91819433764884
    endloop
  endfacet
  facet normal 0 0 1
    outer loop
      vertex 19.283913727070583 14.244630426890097 25
      vertex 19.350000001490116 15 25
      vertex 18.125 14.505 25
    endloop
  endfacet
  facet normal 0.7057575568079579 -0.06174578541844928 0.7057575568079457
    outer loop
      vertex 19.283913727070583 14.244630426890097 25
      vertex 19.39323725421879 14.559161060780646 24.91819433764884
      vertex 19.350000001490116 15 25
    endloop
  endfacet
  facet normal 0.7057575568079518 -0.06174578541845101 0.7057575568079518
    outer loop
      vertex 19.350000001490116 15 25
      vertex 19.39323725421879 14.559161060780646 24.91819433764884
      vertex 19.39323725421879 15 24.956762747271327
    endloop
  endfacet
  facet normal 0.642076865817751 -0.29940535965497583 0.7057575568079509
    outer loop
      vertex 19.8930435300916 12.175000000745058 15
      vertex 20.30926330604013 13.067586190719622 15
      vertex 19.839416995647177 13.238596262382456 15.5
    endloop
  endfacet
  facet normal 0.6843134705748989 -0.1833612418102829 0.7057575568079508
    outer loop
      vertex 20.30926330604013 13.067586190719622 15
      vertex 20.071759926545393 14.105711885274065 15.5
      vertex 19.839416995647177 13.238596262382456 15.5
    endloop
  endfacet
  facet normal 0.6843134705748988 -0.183361241810283 0.705757556807951
    outer loop
      vertex 20.30926330604013 13.067586190719622 15
      vertex 20.564163803051496 14.0188877964406 15
      vertex 20.071759926545393 14.105711885274065 15.5
    endloop
  endfacet
  facet normal 0.7057575568079525 -0.061745785418451105 0.705757556807951
    outer loop
      vertex 20.564163803051496 14.0188877964406 15
      vertex 20.09157994780508 14.332255764914118 15.5
      vertex 20.071759926545393 14.105711885274065 15.5
    endloop
  endfacet
  facet normal 0.7057575568079534 -0.06174578541844879 0.7057575568079504
    outer loop
      vertex 20.564163803051496 14.0188877964406 15
      vertex 20.149999998509884 15 15.5
      vertex 20.09157994780508 14.332255764914118 15.5
    endloop
  endfacet
  facet normal 0.7057575568079518 -0.06174578541845018 0.7057575568079518
    outer loop
      vertex 20.564163803051496 14.0188877964406 15
      vertex 20.649999998509884 15 15
      vertex 20.149999998509884 15 15.5
    endloop
  endfacet
  facet normal -0.7057575568079518 0.06174578541845018 0.7057575568079518
    outer loop
      vertex 9.350000001490116 15 15
      vertex 9.850000001490116 15 15.5
      vertex 9.435836196948504 15.9811122035594 15
    endloop
  endfacet
  facet normal -0.7057575568079534 0.06174578541844879 0.7057575568079504
    outer loop
      vertex 9.435836196948504 15.9811122035594 15
      vertex 9.850000001490116 15 15.5
      vertex 9.90842005219492 15.667744235085882 15.5
    endloop
  endfacet
  facet normal -0.7057575568079526 0.06174578541845111 0.705757556807951
    outer loop
      vertex 9.928240073454607 15.894288114725935 15.5
      vertex 9.435836196948504 15.9811122035594 15
      vertex 9.90842005219492 15.667744235085882 15.5
    endloop
  endfacet
  facet normal -0.6843134705748991 0.18336124181028143 0.7057575568079509
    outer loop
      vertex 9.928240073454607 15.894288114725935 15.5
      vertex 9.690736693959868 16.93241380928038 15
      vertex 9.435836196948504 15.9811122035594 15
    endloop
  endfacet
  facet normal -0.6843134705748979 0.18336124181028227 0.705757556807952
    outer loop
      vertex 9.928240073454607 15.894288114725935 15.5
      vertex 10.160583004352823 16.761403737617545 15.5
      vertex 9.690736693959868 16.93241380928038 15
    endloop
  endfacet
  facet normal -0.6420768658177494 0.29940535965497694 0.705757556807952
    outer loop
      vertex 10.160583004352823 16.761403737617545 15.5
      vertex 10.1069564699084 17.824999999254942 15
      vertex 9.690736693959868 16.93241380928038 15
    endloop
  endfacet
  facet normal -0.642076865817749 0.299405359654977 0.7057575568079523
    outer loop
      vertex 10.160583004352823 16.761403737617545 15.5
      vertex 10.483584518973732 17.45408272105715 15.5
      vertex 10.1069564699084 17.824999999254942 15
    endloop
  endfacet
  facet normal -0.6420768658177526 0.29940535965497234 0.7057575568079513
    outer loop
      vertex 10.1069564699084 17.824999999254942 15
      vertex 10.483584518973732 17.45408272105715 15.5
      vertex 10.53996917180062 17.574999999254942 15.5
    endloop
  endfacet
  facet normal -0.5803310803993016 0.40635219715297494 0.7057575568079516
    outer loop
      vertex 10.1069564699084 17.824999999254942 15
      vertex 10.53996917180062 17.574999999254942 15.5
      vertex 10.671848897519268 18.63174999377112 15
    endloop
  endfacet
  facet normal -0.5803310803992998 0.4063521971529753 0.7057575568079529
    outer loop
      vertex 10.671848897519268 18.63174999377112 15
      vertex 10.53996917180062 17.574999999254942 15.5
      vertex 11.054871119078758 18.310356188927848 15.5
    endloop
  endfacet
  facet normal -0.5009522287646149 0.5009522287646149 0.7057575568079522
    outer loop
      vertex 11.368250006228882 19.32815110248073 15
      vertex 11.054871119078758 18.310356188927848 15.5
      vertex 11.275070890820324 18.530555960669414 15.5
    endloop
  endfacet
  facet normal 0.6420768658177504 0.29940535965497767 0.7057575568079509
    outer loop
      vertex 19.839416995647177 16.761403737617545 15.5
      vertex 20.30926330604013 16.93241380928038 15
      vertex 19.516415481026268 17.45408272105715 15.5
    endloop
  endfacet
  facet normal 0.6420768658177513 0.29940535965498116 0.7057575568079486
    outer loop
      vertex 20.30926330604013 16.93241380928038 15
      vertex 19.46003082819938 17.574999999254942 15.5
      vertex 19.516415481026268 17.45408272105715 15.5
    endloop
  endfacet
  facet normal 0.6420768658177495 0.29940535965497567 0.7057575568079527
    outer loop
      vertex 20.30926330604013 16.93241380928038 15
      vertex 19.8930435300916 17.824999999254942 15
      vertex 19.46003082819938 17.574999999254942 15.5
    endloop
  endfacet
  facet normal 0.5803310803993007 0.40635219715297427 0.7057575568079529
    outer loop
      vertex 19.32815110248073 18.63174999377112 15
      vertex 18.945128880921242 18.310356188927848 15.5
      vertex 19.8930435300916 17.824999999254942 15
    endloop
  endfacet
  facet normal 0.5803310803993007 0.4063521971529746 0.7057575568079526
    outer loop
      vertex 19.8930435300916 17.824999999254942 15
      vertex 18.945128880921242 18.310356188927848 15.5
      vertex 19.46003082819938 17.574999999254942 15.5
    endloop
  endfacet
  facet normal 0.5009522287646143 0.5009522287646143 0.705757556807953
    outer loop
      vertex 19.32815110248073 18.63174999377112 15
      vertex 18.724929109179676 18.530555960669414 15.5
      vertex 18.945128880921242 18.310356188927848 15.5
    endloop
  endfacet
  facet normal 0.5009522287646143 0.5009522287646143 0.705757556807953
    outer loop
      vertex 18.310356188927848 18.945128880921242 15.5
      vertex 18.724929109179676 18.530555960669414 15.5
      vertex 19.32815110248073 18.63174999377112 15
    endloop
  endfacet
  facet normal -0.9956459144178719 0.08710773039746887 0.03318819681756735
    outer loop
      vertex 9.928240073454607 15.894288114725935 15.5
      vertex 9.90842005219492 15.667744235085882 15.5
      vertex 10.200127736148364 15.572962663026924 24.5
    endloop
  endfacet
  facet normal -0.9653937171294279 0.25867646688290924 0.03318819681756738
    outer loop
      vertex 9.928240073454607 15.894288114725935 15.5
      vertex 10.223682396423314 15.842193661943368 24.5
      vertex 10.160583004352823 16.761403737617545 15.5
    endloop
  endfacet
  facet normal -0.9058085202587968 0.42238544981872583 0.03318819681756715
    outer loop
      vertex 10.160583004352823 16.761403737617545 15.5
      vertex 10.442490787788092 16.658797695639144 24.5
      vertex 10.483584518973732 17.45408272105715 15.5
    endloop
  endfacet
  facet normal -0.7067172502465178 0.7067172502465178 0.03318819681756754
    outer loop
      vertex 11.689643811072152 18.945128880921242 15.5
      vertex 11.275070890820324 18.530555960669414 15.5
      vertex 11.4529251355451 18.285760593751178 24.5
    endloop
  endfacet
  facet normal 0.9956459144178719 0.08710773039746887 0.03318819681756738
    outer loop
      vertex 20.071759926545393 15.894288114725935 15.5
      vertex 19.776317603576686 15.842193661943368 24.5
      vertex 20.09157994780508 15.667744235085882 15.5
    endloop
  endfacet
  facet normal 0.9653937171294279 0.25867646688290924 0.03318819681756715
    outer loop
      vertex 20.071759926545393 15.894288114725935 15.5
      vertex 19.839416995647177 16.761403737617545 15.5
      vertex 19.557509212211908 16.658797695639144 24.5
    endloop
  endfacet
  facet normal 0.9058085202587968 0.42238544981872583 0.033188196817567
    outer loop
      vertex 19.839416995647177 16.761403737617545 15.5
      vertex 19.516415481026268 17.45408272105715 15.5
      vertex 19.23004971915006 17.36103684469683 24.5
    endloop
  endfacet
  facet normal 0.7067172502465178 0.7067172502465178 0.03318819681756739
    outer loop
      vertex 18.310356188927848 18.945128880921242 15.5
      vertex 18.11751990793754 18.71531555026854 24.5
      vertex 18.724929109179676 18.530555960669414 15.5
    endloop
  endfacet
  facet normal -0.5009522287646136 0.500952228764615 0.7057575568079529
    outer loop
      vertex 10.671848897519268 18.63174999377112 15
      vertex 11.054871119078758 18.310356188927848 15.5
      vertex 11.368250006228882 19.32815110248073 15
    endloop
  endfacet
  facet normal -0.5009522287646149 0.5009522287646149 0.7057575568079522
    outer loop
      vertex 11.689643811072152 18.945128880921242 15.5
      vertex 11.368250006228882 19.32815110248073 15
      vertex 11.275070890820324 18.530555960669414 15.5
    endloop
  endfacet
  facet normal -0.40635219715297527 0.5803310803993008 0.7057575568079522
    outer loop
      vertex 11.689643811072152 18.945128880921242 15.5
      vertex 12.175000000745058 19.8930435300916 15
      vertex 11.368250006228882 19.32815110248073 15
    endloop
  endfacet
  facet normal -0.4063521971529746 0.5803310803993007 0.7057575568079526
    outer loop
      vertex 11.689643811072152 18.945128880921242 15.5
      vertex 12.425000000745058 19.46003082819938 15.5
      vertex 12.175000000745058 19.8930435300916 15
    endloop
  endfacet
  facet normal -0.2994053596549752 0.6420768658177497 0.7057575568079526
    outer loop
      vertex 12.175000000745058 19.8930435300916 15
      vertex 12.425000000745058 19.46003082819938 15.5
      vertex 13.067586190719622 20.30926330604013 15
    endloop
  endfacet
  facet normal -0.29940535965497406 0.6420768658177493 0.7057575568079534
    outer loop
      vertex 12.425000000745058 19.46003082819938 15.5
      vertex 12.794308941395856 19.632242415449955 15.5
      vertex 13.067586190719622 20.30926330604013 15
    endloop
  endfacet
  facet normal -0.2994053596549795 0.6420768658177496 0.7057575568079509
    outer loop
      vertex 13.067586190719622 20.30926330604013 15
      vertex 12.794308941395856 19.632242415449955 15.5
      vertex 13.238596262382456 19.839416995647177 15.5
    endloop
  endfacet
  facet normal -0.183361241810283 0.6843134705748988 0.7057575568079508
    outer loop
      vertex 13.067586190719622 20.30926330604013 15
      vertex 13.238596262382456 19.839416995647177 15.5
      vertex 14.0188877964406 20.564163803051496 15
    endloop
  endfacet
  facet normal -0.18336124181028451 0.6843134705748997 0.7057575568079496
    outer loop
      vertex 14.0188877964406 20.564163803051496 15
      vertex 13.238596262382456 19.839416995647177 15.5
      vertex 14.061677773906473 20.059961021965027 15.5
    endloop
  endfacet
  facet normal -0.06174578541845026 0.7057575568079527 0.705757556807951
    outer loop
      vertex 14.0188877964406 20.564163803051496 15
      vertex 14.105711885274065 20.071759926545393 15.5
      vertex 15 20.649999998509884 15
    endloop
  endfacet
  facet normal -0.18336124181025815 0.6843134705749042 0.705757556807952
    outer loop
      vertex 14.0188877964406 20.564163803051496 15
      vertex 14.061677773906473 20.059961021965027 15.5
      vertex 14.105711885274065 20.071759926545393 15.5
    endloop
  endfacet
  facet normal -0.061745785418449266 0.7057575568079519 0.7057575568079519
    outer loop
      vertex 14.105711885274065 20.071759926545393 15.5
      vertex 15 20.149999998509884 15.5
      vertex 15 20.649999998509884 15
    endloop
  endfacet
  facet normal 0.06174578541845018 0.7057575568079518 0.7057575568079518
    outer loop
      vertex 15 20.149999998509884 15.5
      vertex 15.9811122035594 20.564163803051496 15
      vertex 15 20.649999998509884 15
    endloop
  endfacet
  facet normal 0.06174578541844934 0.7057575568079528 0.7057575568079509
    outer loop
      vertex 15 20.149999998509884 15.5
      vertex 15.894288114725935 20.071759926545393 15.5
      vertex 15.9811122035594 20.564163803051496 15
    endloop
  endfacet
  facet normal 0.29940535965497633 0.6420768658177509 0.705757556807951
    outer loop
      vertex 16.93241380928038 20.30926330604013 15
      vertex 16.761403737617545 19.839416995647177 15.5
      vertex 17.824999999254942 19.8930435300916 15
    endloop
  endfacet
  facet normal 0.18336124181026456 0.6843134705749281 0.7057575568079273
    outer loop
      vertex 15.894288114725935 20.071759926545393 15.5
      vertex 15.938322226093527 20.059961021965027 15.5
      vertex 16.93241380928038 20.30926330604013 15
    endloop
  endfacet
  facet normal 0.18336124181028382 0.6843134705748986 0.7057575568079509
    outer loop
      vertex 16.93241380928038 20.30926330604013 15
      vertex 15.938322226093527 20.059961021965027 15.5
      vertex 16.761403737617545 19.839416995647177 15.5
    endloop
  endfacet
  facet normal 0.29940535965497916 0.6420768658177437 0.7057575568079562
    outer loop
      vertex 17.824999999254942 19.8930435300916 15
      vertex 16.761403737617545 19.839416995647177 15.5
      vertex 17.205691058604142 19.632242415449955 15.5
    endloop
  endfacet
  facet normal 0.18336124181028265 0.6843134705748989 0.7057575568079509
    outer loop
      vertex 15.894288114725935 20.071759926545393 15.5
      vertex 16.93241380928038 20.30926330604013 15
      vertex 15.9811122035594 20.564163803051496 15
    endloop
  endfacet
  facet normal 0.4063521971529744 0.5803310803993009 0.7057575568079526
    outer loop
      vertex 17.574999999254942 19.46003082819938 15.5
      vertex 18.63174999377112 19.32815110248073 15
      vertex 17.824999999254942 19.8930435300916 15
    endloop
  endfacet
  facet normal 0.2994053596549733 0.6420768658177507 0.7057575568079525
    outer loop
      vertex 17.574999999254942 19.46003082819938 15.5
      vertex 17.824999999254942 19.8930435300916 15
      vertex 17.205691058604142 19.632242415449955 15.5
    endloop
  endfacet
  facet normal 0.4063521971529744 0.5803310803993004 0.7057575568079529
    outer loop
      vertex 17.574999999254942 19.46003082819938 15.5
      vertex 18.310356188927848 18.945128880921242 15.5
      vertex 18.63174999377112 19.32815110248073 15
    endloop
  endfacet
  facet normal 0.5009522287646143 0.5009522287646143 0.705757556807953
    outer loop
      vertex 18.310356188927848 18.945128880921242 15.5
      vertex 19.32815110248073 18.63174999377112 15
      vertex 18.63174999377112 19.32815110248073 15
    endloop
  endfacet
  facet normal -0.5732604645991468 0.8187007898613318 0.03318819681756726
    outer loop
      vertex 11.689643811072152 18.945128880921242 15.5
      vertex 11.882480092062456 18.71531555026854 24.5
      vertex 12.425000000745058 19.46003082819938 15.5
    endloop
  endfacet
  facet normal -0.4223854498187223 0.9058085202587984 0.03318819681756705
    outer loop
      vertex 12.425000000745058 19.46003082819938 15.5
      vertex 12.574999999254942 19.200223209645007 24.5
      vertex 12.794308941395856 19.632242415449955 15.5
    endloop
  endfacet
  facet normal -0.25867646688287527 0.9653937171294369 0.033188196817568016
    outer loop
      vertex 14.105711885274065 20.071759926545393 15.5
      vertex 14.061677773906473 20.059961021965027 15.5
      vertex 14.061677773906474 19.750560032443087 24.5
    endloop
  endfacet
  facet normal -0.08710773039746639 0.9956459144178723 0.03318819681756737
    outer loop
      vertex 14.105711885274065 20.071759926545393 15.5
      vertex 14.157806338056632 19.776317603576686 24.5
      vertex 15 20.149999998509884 15.5
    endloop
  endfacet
  facet normal 0.42238544981872056 0.9058085202587992 0.03318819681756657
    outer loop
      vertex 17.574999999254942 19.46003082819938 15.5
      vertex 17.205691058604142 19.632242415449955 15.5
      vertex 17.0267386347083 19.38593553457522 24.5
    endloop
  endfacet
  facet normal 0.08710773039746639 0.9956459144178723 0.03318819681756729
    outer loop
      vertex 15 20.149999998509884 15.5
      vertex 15 19.850000001490116 24.5
      vertex 15.894288114725935 20.071759926545393 15.5
    endloop
  endfacet
  facet normal 0.25867646688287527 0.9653937171294369 0.033188196817567475
    outer loop
      vertex 15.894288114725935 20.071759926545393 15.5
      vertex 15.842193661943368 19.776317603576686 24.5
      vertex 15.938322226093527 20.059961021965027 15.5
    endloop
  endfacet
  facet normal 0.5732604645991468 0.8187007898613318 0.03318819681756708
    outer loop
      vertex 17.574999999254942 19.46003082819938 15.5
      vertex 17.425000000745058 19.200223209645007 24.5
      vertex 18.310356188927848 18.945128880921242 15.5
    endloop
  endfacet
  facet normal -0.9956459144178719 0.08710773039746987 0.03318819681756738
    outer loop
      vertex 9.928240073454607 15.894288114725935 15.5
      vertex 10.200127736148364 15.572962663026924 24.5
      vertex 10.223682396423314 15.842193661943368 24.5
    endloop
  endfacet
  facet normal -0.9653937171294283 0.2586764668829069 0.03318819681756714
    outer loop
      vertex 10.160583004352823 16.761403737617545 15.5
      vertex 10.223682396423314 15.842193661943368 24.5
      vertex 10.442490787788092 16.658797695639144 24.5
    endloop
  endfacet
  facet normal -0.9058085202587967 0.4223854498187263 0.03318819681756719
    outer loop
      vertex 10.442490787788092 16.658797695639144 24.5
      vertex 10.769950280849942 17.36103684469683 24.5
      vertex 10.483584518973732 17.45408272105715 15.5
    endloop
  endfacet
  facet normal -0.7067172502465207 0.7067172502465148 0.03318819681756724
    outer loop
      vertex 11.689643811072152 18.945128880921242 15.5
      vertex 11.4529251355451 18.285760593751178 24.5
      vertex 11.882480092062456 18.71531555026854 24.5
    endloop
  endfacet
  facet normal 0.9956459144178719 0.08710773039746987 0.03318819681756736
    outer loop
      vertex 19.776317603576686 15.842193661943368 24.5
      vertex 19.799872263851636 15.572962663026924 24.5
      vertex 20.09157994780508 15.667744235085882 15.5
    endloop
  endfacet
  facet normal 0.9653937171294283 0.2586764668829069 0.03318819681756738
    outer loop
      vertex 20.071759926545393 15.894288114725935 15.5
      vertex 19.557509212211908 16.658797695639144 24.5
      vertex 19.776317603576686 15.842193661943368 24.5
    endloop
  endfacet
  facet normal 0.9058085202587974 0.4223854498187244 0.033188196817567156
    outer loop
      vertex 19.839416995647177 16.761403737617545 15.5
      vertex 19.23004971915006 17.36103684469683 24.5
      vertex 19.557509212211908 16.658797695639144 24.5
    endloop
  endfacet
  facet normal 0.7067172502465177 0.7067172502465177 0.033188196817567385
    outer loop
      vertex 18.11751990793754 18.71531555026854 24.5
      vertex 18.547074864454903 18.285760593751178 24.5
      vertex 18.724929109179676 18.530555960669414 15.5
    endloop
  endfacet
  facet normal -0.7057575568079518 0.06174578541845101 0.7057575568079518
    outer loop
      vertex 10.649999998509884 15 25
      vertex 10.60676274578121 15.440838939219354 24.91819433764884
      vertex 10.60676274578121 15 24.956762747271327
    endloop
  endfacet
  facet normal -0.7057575568079579 0.06174578541844928 0.7057575568079458
    outer loop
      vertex 10.649999998509884 15 25
      vertex 10.716086272929417 15.755369573109903 25
      vertex 10.60676274578121 15.440838939219354 24.91819433764884
    endloop
  endfacet
  facet normal 0 0 1
    outer loop
      vertex 10.649999998509884 15 25
      vertex 11.875 15.495 25
      vertex 10.716086272929417 15.755369573109903 25
    endloop
  endfacet
  facet normal -0.7057575568079503 0.06174578541845162 0.7057575568079533
    outer loop
      vertex 10.223682396423314 15.842193661943368 24.5
      vertex 10.200127736148364 15.572962663026924 24.5
      vertex 10.60676274578121 15.440838939219354 24.91819433764884
    endloop
  endfacet
  facet normal -0.7057575568079532 0.061745785418446275 0.7057575568079508
    outer loop
      vertex 10.223682396423314 15.842193661943368 24.5
      vertex 10.60676274578121 15.440838939219354 24.91819433764884
      vertex 10.716086272929417 15.755369573109903 25
    endloop
  endfacet
  facet normal 0 0 1
    outer loop
      vertex 10.649999998509884 15 25
      vertex 11.875 14.505 25
      vertex 11.875 15.495 25
    endloop
  endfacet
  facet normal 0 0 1
    outer loop
      vertex 10.716086272929417 15.755369573109903 25
      vertex 11.875 15.495 25
      vertex 14.505 15.495 25
    endloop
  endfacet
  facet normal 0 0 1
    outer loop
      vertex 10.716086272929417 15.755369573109903 25
      vertex 14.505 15.495 25
      vertex 10.912337098181048 16.48778762397631 25
    endloop
  endfacet
  facet normal -0.6843134705748992 0.18336124181028085 0.7057575568079512
    outer loop
      vertex 10.223682396423314 15.842193661943368 24.5
      vertex 10.716086272929417 15.755369573109903 25
      vertex 10.442490787788092 16.658797695639144 24.5
    endloop
  endfacet
  facet normal -0.6843134705748963 0.18336124181028304 0.7057575568079534
    outer loop
      vertex 10.716086272929417 15.755369573109903 25
      vertex 10.912337098181048 16.48778762397631 25
      vertex 10.442490787788092 16.658797695639144 24.5
    endloop
  endfacet
  facet normal -0.642076865817748 0.29940535965497694 0.705757556807953
    outer loop
      vertex 10.442490787788092 16.658797695639144 24.5
      vertex 10.912337098181048 16.48778762397631 25
      vertex 10.769950280849942 17.36103684469683 24.5
    endloop
  endfacet
  facet normal 0 0 1
    outer loop
      vertex 10.912337098181048 16.48778762397631 25
      vertex 14.505 15.495 25
      vertex 11.232789492247214 17.175000000745058 25
    endloop
  endfacet
  facet normal 0 0 1
    outer loop
      vertex 11.232789492247214 17.175000000745058 25
      vertex 14.505 15.495 25
      vertex 11.66770667129095 17.796126103094274 25
    endloop
  endfacet
  facet normal -0.6420768658177494 0.2994053596549762 0.7057575568079523
    outer loop
      vertex 10.912337098181048 16.48778762397631 25
      vertex 11.232789492247214 17.175000000745058 25
      vertex 10.769950280849942 17.36103684469683 24.5
    endloop
  endfacet
  facet normal -0.642076865817754 0.29940535965496584 0.7057575568079526
    outer loop
      vertex 11.232789492247214 17.175000000745058 25
      vertex 11.091557518788886 17.256540318639406 24.836919364211305
      vertex 10.769950280849942 17.36103684469683 24.5
    endloop
  endfacet
  facet normal -0.580331080399249 0.4063521971530551 0.7057575568079487
    outer loop
      vertex 11.232789492247214 17.175000000745058 25
      vertex 11.186677773906474 17.225633874241 24.932929872854235
      vertex 11.091557518788886 17.256540318639406 24.836919364211305
    endloop
  endfacet
  facet normal -0.580331080399312 0.40635219715298365 0.7057575568079382
    outer loop
      vertex 11.232789492247214 17.175000000745058 25
      vertex 11.66770667129095 17.796126103094274 25
      vertex 11.186677773906474 17.225633874241 24.932929872854235
    endloop
  endfacet
  facet normal -0.5803310803993 0.4063521971529715 0.7057575568079549
    outer loop
      vertex 11.66770667129095 17.796126103094274 25
      vertex 11.626367013706009 17.830814194526795 24.946034909650116
      vertex 11.186677773906474 17.225633874241 24.932929872854235
    endloop
  endfacet
  facet normal -0.500952228764612 0.500952228764612 0.7057575568079563
    outer loop
      vertex 11.66770667129095 17.796126103094274 25
      vertex 12.203873896905726 18.33229332870905 25
      vertex 11.626367013706009 17.830814194526795 24.946034909650116
    endloop
  endfacet
  facet normal -0.5009522287646341 0.5009522287646414 0.7057575568079199
    outer loop
      vertex 12.203873896905726 18.33229332870905 25
      vertex 11.704915028125264 17.938926261462367 24.925050114154125
      vertex 11.626367013706009 17.830814194526795 24.946034909650116
    endloop
  endfacet
  facet normal -0.5009522287646172 0.5009522287646131 0.7057575568079517
    outer loop
      vertex 11.882480092062456 18.71531555026854 24.5
      vertex 11.4529251355451 18.285760593751178 24.5
      vertex 11.704915028125264 17.938926261462367 24.925050114154125
    endloop
  endfacet
  facet normal -0.5009522287646168 0.5009522287646132 0.7057575568079519
    outer loop
      vertex 11.882480092062456 18.71531555026854 24.5
      vertex 11.704915028125264 17.938926261462367 24.925050114154125
      vertex 12.203873896905726 18.33229332870905 25
    endloop
  endfacet
  facet normal -0.406352197152976 0.5803310803993003 0.7057575568079523
    outer loop
      vertex 11.882480092062456 18.71531555026854 24.5
      vertex 12.203873896905726 18.33229332870905 25
      vertex 12.574999999254942 19.200223209645007 24.5
    endloop
  endfacet
  facet normal 0 0 1
    outer loop
      vertex 11.66770667129095 17.796126103094274 25
      vertex 14.505 15.495 25
      vertex 12.203873896905726 18.33229332870905 25
    endloop
  endfacet
  facet normal 0 0 1
    outer loop
      vertex 12.203873896905726 18.33229332870905 25
      vertex 14.505 15.495 25
      vertex 14.505 18.125 25
    endloop
  endfacet
  facet normal 0 0 1
    outer loop
      vertex 12.203873896905726 18.33229332870905 25
      vertex 14.505 18.125 25
      vertex 12.824999999254942 18.767210507752786 25
    endloop
  endfacet
  facet normal 0 0 1
    outer loop
      vertex 12.824999999254942 18.767210507752786 25
      vertex 14.505 18.125 25
      vertex 13.512212376023692 19.087662901818952 25
    endloop
  endfacet
  facet normal 0 0 1
    outer loop
      vertex 18.33229332870905 17.796126103094274 25
      vertex 15.495 15.495 25
      vertex 18.125 15.495 25
    endloop
  endfacet
  facet normal 0 0 1
    outer loop
      vertex 19.350000001490116 15 25
      vertex 18.125 15.495 25
      vertex 18.125 14.505 25
    endloop
  endfacet
  facet normal 0 0 1
    outer loop
      vertex 19.350000001490116 15 25
      vertex 19.283913727070583 15.755369573109903 25
      vertex 18.125 15.495 25
    endloop
  endfacet
  facet normal 0.7057575568079579 0.06174578541844928 0.7057575568079458
    outer loop
      vertex 19.350000001490116 15 25
      vertex 19.39323725421879 15.440838939219354 24.91819433764884
      vertex 19.283913727070583 15.755369573109903 25
    endloop
  endfacet
  facet normal 0.7057575568079518 0.06174578541845101 0.7057575568079518
    outer loop
      vertex 19.350000001490116 15 25
      vertex 19.39323725421879 15 24.956762747271327
      vertex 19.39323725421879 15.440838939219354 24.91819433764884
    endloop
  endfacet
  facet normal 0 0 1
    outer loop
      vertex 19.283913727070583 15.755369573109903 25
      vertex 19.087662901818952 16.48778762397631 25
      vertex 18.125 15.495 25
    endloop
  endfacet
  facet normal 0.7057575568079516 0.06174578541844528 0.7057575568079525
    outer loop
      vertex 19.283913727070583 15.755369573109903 25
      vertex 19.39323725421879 15.440838939219354 24.91819433764884
      vertex 19.799872263851636 15.572962663026924 24.5
    endloop
  endfacet
  facet normal 0.7057575568079525 0.06174578541845181 0.705757556807951
    outer loop
      vertex 19.283913727070583 15.755369573109903 25
      vertex 19.799872263851636 15.572962663026924 24.5
      vertex 19.776317603576686 15.842193661943368 24.5
    endloop
  endfacet
  facet normal 0 0 1
    outer loop
      vertex 19.087662901818952 16.48778762397631 25
      vertex 18.767210507752786 17.175000000745058 25
      vertex 18.125 15.495 25
    endloop
  endfacet
  facet normal 0 0 1
    outer loop
      vertex 18.33229332870905 17.796126103094274 25
      vertex 18.125 15.495 25
      vertex 18.767210507752786 17.175000000745058 25
    endloop
  endfacet
  facet normal 0.6843134705748986 0.18336124181028365 0.7057575568079509
    outer loop
      vertex 19.283913727070583 15.755369573109903 25
      vertex 19.776317603576686 15.842193661943368 24.5
      vertex 19.087662901818952 16.48778762397631 25
    endloop
  endfacet
  facet normal 0.6843134705748971 0.18336124181028032 0.7057575568079533
    outer loop
      vertex 19.087662901818952 16.48778762397631 25
      vertex 19.776317603576686 15.842193661943368 24.5
      vertex 19.557509212211908 16.658797695639144 24.5
    endloop
  endfacet
  facet normal 0.6420768658177487 0.2994053596549759 0.7057575568079533
    outer loop
      vertex 19.087662901818952 16.48778762397631 25
      vertex 19.557509212211908 16.658797695639144 24.5
      vertex 18.767210507752786 17.175000000745058 25
    endloop
  endfacet
  facet normal 0 0 1
    outer loop
      vertex 15.755369573109903 19.283913727070583 25
      vertex 15.495 18.125 25
      vertex 15.495 15.495 25
    endloop
  endfacet
  facet normal 0 0 1
    outer loop
      vertex 17.796126103094274 18.33229332870905 25
      vertex 15.495 15.495 25
      vertex 18.33229332870905 17.796126103094274 25
    endloop
  endfacet
  facet normal 0 0 1
    outer loop
      vertex 17.796126103094274 18.33229332870905 25
      vertex 17.175000000745058 18.767210507752786 25
      vertex 15.495 15.495 25
    endloop
  endfacet
  facet normal 0 0 1
    outer loop
      vertex 16.48778762397631 19.087662901818952 25
      vertex 15.495 15.495 25
      vertex 17.175000000745058 18.767210507752786 25
    endloop
  endfacet
  facet normal 0 0 1
    outer loop
      vertex 15.755369573109903 19.283913727070583 25
      vertex 15.495 15.495 25
      vertex 16.48778762397631 19.087662901818952 25
    endloop
  endfacet
  facet normal 0 0 1
    outer loop
      vertex 15 19.350000001490116 25
      vertex 14.505 18.125 25
      vertex 15.495 18.125 25
    endloop
  endfacet
  facet normal 0.5803310803993136 0.4063521971529818 0.705757556807938
    outer loop
      vertex 18.767210507752786 17.175000000745058 25
      vertex 18.813322226093526 17.225633874241 24.932929872854235
      vertex 18.37363298629399 17.830814194526795 24.946034909650116
    endloop
  endfacet
  facet normal 0.5803310803992983 0.40635219715297394 0.705757556807955
    outer loop
      vertex 18.33229332870905 17.796126103094274 25
      vertex 18.767210507752786 17.175000000745058 25
      vertex 18.37363298629399 17.830814194526795 24.946034909650116
    endloop
  endfacet
  facet normal 0.6420768658177485 0.2994053596549755 0.7057575568079535
    outer loop
      vertex 19.557509212211908 16.658797695639144 24.5
      vertex 19.23004971915006 17.36103684469683 24.5
      vertex 18.767210507752786 17.175000000745058 25
    endloop
  endfacet
  facet normal 0.6420768658177465 0.2994053596549803 0.7057575568079533
    outer loop
      vertex 18.767210507752786 17.175000000745058 25
      vertex 19.23004971915006 17.36103684469683 24.5
      vertex 18.908442481211114 17.256540318639406 24.836919364211305
    endloop
  endfacet
  facet normal 0.580331080399249 0.4063521971530551 0.7057575568079487
    outer loop
      vertex 18.767210507752786 17.175000000745058 25
      vertex 18.908442481211114 17.256540318639406 24.836919364211305
      vertex 18.813322226093526 17.225633874241 24.932929872854235
    endloop
  endfacet
  facet normal 0.5009522287646136 0.5009522287646103 0.7057575568079565
    outer loop
      vertex 18.33229332870905 17.796126103094274 25
      vertex 18.37363298629399 17.830814194526795 24.946034909650116
      vertex 18.295084971874736 17.938926261462367 24.92505011415413
    endloop
  endfacet
  facet normal 0.5009522287646107 0.5009522287646107 0.7057575568079583
    outer loop
      vertex 17.796126103094274 18.33229332870905 25
      vertex 18.33229332870905 17.796126103094274 25
      vertex 18.295084971874736 17.938926261462367 24.92505011415413
    endloop
  endfacet
  facet normal 0.500952228764615 0.5009522287646178 0.7057575568079503
    outer loop
      vertex 17.796126103094274 18.33229332870905 25
      vertex 18.295084971874736 17.938926261462367 24.92505011415413
      vertex 18.547074864454903 18.285760593751178 24.5
    endloop
  endfacet
  facet normal 0.406352197152976 0.580331080399301 0.7057575568079514
    outer loop
      vertex 17.796126103094274 18.33229332870905 25
      vertex 18.11751990793754 18.71531555026854 24.5
      vertex 17.175000000745058 18.767210507752786 25
    endloop
  endfacet
  facet normal 0.5009522287646155 0.5009522287646155 0.7057575568079513
    outer loop
      vertex 17.796126103094274 18.33229332870905 25
      vertex 18.547074864454903 18.285760593751178 24.5
      vertex 18.11751990793754 18.71531555026854 24.5
    endloop
  endfacet
  facet normal -0.5732604645991484 0.8187007898613308 0.03318819681756707
    outer loop
      vertex 12.425000000745058 19.46003082819938 15.5
      vertex 11.882480092062456 18.71531555026854 24.5
      vertex 12.574999999254942 19.200223209645007 24.5
    endloop
  endfacet
  facet normal -0.42238544981872944 0.905808520258795 0.03318819681756671
    outer loop
      vertex 12.574999999254942 19.200223209645007 24.5
      vertex 12.973261365291702 19.38593553457522 24.5
      vertex 12.794308941395856 19.632242415449955 15.5
    endloop
  endfacet
  facet normal -0.2586764668829227 0.9653937171294241 0.03318819681756733
    outer loop
      vertex 14.105711885274065 20.071759926545393 15.5
      vertex 14.061677773906474 19.750560032443087 24.5
      vertex 14.157806338056632 19.776317603576686 24.5
    endloop
  endfacet
  facet normal -0.08710773039746723 0.995645914417872 0.03318819681756728
    outer loop
      vertex 14.157806338056632 19.776317603576686 24.5
      vertex 15 19.850000001490116 24.5
      vertex 15 20.149999998509884 15.5
    endloop
  endfacet
  facet normal 0.42238544981872944 0.905808520258795 0.03318819681756707
    outer loop
      vertex 17.574999999254942 19.46003082819938 15.5
      vertex 17.0267386347083 19.38593553457522 24.5
      vertex 17.425000000745058 19.200223209645007 24.5
    endloop
  endfacet
  facet normal 0.08710773039746723 0.995645914417872 0.033188196817567364
    outer loop
      vertex 15.894288114725935 20.071759926545393 15.5
      vertex 15 19.850000001490116 24.5
      vertex 15.842193661943368 19.776317603576686 24.5
    endloop
  endfacet
  facet normal 0.2586764668829227 0.9653937171294241 0.03318819681756758
    outer loop
      vertex 15.842193661943368 19.776317603576686 24.5
      vertex 15.938322226093526 19.750560032443087 24.5
      vertex 15.938322226093527 20.059961021965027 15.5
    endloop
  endfacet
  facet normal 0.5732604645991494 0.8187007898613301 0.03318819681756739
    outer loop
      vertex 18.310356188927848 18.945128880921242 15.5
      vertex 17.425000000745058 19.200223209645007 24.5
      vertex 18.11751990793754 18.71531555026854 24.5
    endloop
  endfacet
  facet normal -0.4063521971529754 0.5803310803993003 0.7057575568079526
    outer loop
      vertex 12.203873896905726 18.33229332870905 25
      vertex 12.824999999254942 18.767210507752786 25
      vertex 12.574999999254942 19.200223209645007 24.5
    endloop
  endfacet
  facet normal -0.29940535965497944 0.6420768658177475 0.7057575568079529
    outer loop
      vertex 12.574999999254942 19.200223209645007 24.5
      vertex 12.824999999254942 18.767210507752786 25
      vertex 12.973261365291702 19.38593553457522 24.5
    endloop
  endfacet
  facet normal -0.2994053596549731 0.6420768658177479 0.7057575568079552
    outer loop
      vertex 12.824999999254942 18.767210507752786 25
      vertex 13.223152282344053 19.041990194254403 24.918922933475343
      vertex 12.973261365291702 19.38593553457522 24.5
    endloop
  endfacet
  facet normal -0.29940535965497633 0.6420768658177511 0.7057575568079508
    outer loop
      vertex 12.824999999254942 18.767210507752786 25
      vertex 13.512212376023692 19.087662901818952 25
      vertex 13.223152282344053 19.041990194254403 24.918922933475343
    endloop
  endfacet
  facet normal -0.2994053596549758 0.6420768658177561 0.7057575568079464
    outer loop
      vertex 13.512212376023692 19.087662901818952 25
      vertex 13.496508478236345 19.13080900638711 24.954084874549643
      vertex 13.223152282344053 19.041990194254403 24.918922933475343
    endloop
  endfacet
  facet normal -0.18336124181028796 0.6843134705749022 0.7057575568079462
    outer loop
      vertex 13.512212376023692 19.087662901818952 25
      vertex 14.061677773906474 19.314443642256414 24.922865214356396
      vertex 13.496508478236345 19.13080900638711 24.954084874549643
    endloop
  endfacet
  facet normal 0 0 1
    outer loop
      vertex 13.512212376023692 19.087662901818952 25
      vertex 14.505 18.125 25
      vertex 14.244630426890097 19.283913727070583 25
    endloop
  endfacet
  facet normal 0 0 1
    outer loop
      vertex 14.244630426890097 19.283913727070583 25
      vertex 14.505 18.125 25
      vertex 15 19.350000001490116 25
    endloop
  endfacet
  facet normal -0.18336124181028254 0.6843134705748928 0.7057575568079568
    outer loop
      vertex 13.512212376023692 19.087662901818952 25
      vertex 14.244630426890097 19.283913727070583 25
      vertex 14.061677773906474 19.314443642256414 24.922865214356396
    endloop
  endfacet
  facet normal -0.18336124181029287 0.6843134705748993 0.7057575568079477
    outer loop
      vertex 14.157806338056632 19.776317603576686 24.5
      vertex 14.061677773906474 19.750560032443087 24.5
      vertex 14.061677773906474 19.314443642256414 24.922865214356396
    endloop
  endfacet
  facet normal -0.183361241810279 0.6843134705748997 0.705757556807951
    outer loop
      vertex 14.244630426890097 19.283913727070583 25
      vertex 14.157806338056632 19.776317603576686 24.5
      vertex 14.061677773906474 19.314443642256414 24.922865214356396
    endloop
  endfacet
  facet normal -0.06174578541844994 0.7057575568079526 0.7057575568079509
    outer loop
      vertex 14.244630426890097 19.283913727070583 25
      vertex 15 19.850000001490116 24.5
      vertex 14.157806338056632 19.776317603576686 24.5
    endloop
  endfacet
  facet normal -0.06174578541844874 0.7057575568079518 0.7057575568079518
    outer loop
      vertex 14.244630426890097 19.283913727070583 25
      vertex 15 19.350000001490116 25
      vertex 15 19.850000001490116 24.5
    endloop
  endfacet
  facet normal 0 0 1
    outer loop
      vertex 15 19.350000001490116 25
      vertex 15.495 18.125 25
      vertex 15.755369573109903 19.283913727070583 25
    endloop
  endfacet
  facet normal 0.06174578541844988 0.7057575568079519 0.7057575568079519
    outer loop
      vertex 15 19.350000001490116 25
      vertex 15.842193661943368 19.776317603576686 24.5
      vertex 15 19.850000001490116 24.5
    endloop
  endfacet
  facet normal 0.06174578541844883 0.7057575568079528 0.705757556807951
    outer loop
      vertex 15 19.350000001490116 25
      vertex 15.755369573109903 19.283913727070583 25
      vertex 15.842193661943368 19.776317603576686 24.5
    endloop
  endfacet
  facet normal 0.1833612418102781 0.6843134705749013 0.7057575568079497
    outer loop
      vertex 15.755369573109903 19.283913727070583 25
      vertex 15.938322226093526 19.314443642256414 24.922865214356396
      vertex 15.938322226093526 19.750560032443087 24.5
    endloop
  endfacet
  facet normal 0.18336124181028227 0.6843134705748933 0.7057575568079565
    outer loop
      vertex 15.755369573109903 19.283913727070583 25
      vertex 16.48778762397631 19.087662901818952 25
      vertex 15.938322226093526 19.314443642256414 24.922865214356396
    endloop
  endfacet
  facet normal 0.18336124181029215 0.6843134705748967 0.7057575568079505
    outer loop
      vertex 15.755369573109903 19.283913727070583 25
      vertex 15.938322226093526 19.750560032443087 24.5
      vertex 15.842193661943368 19.776317603576686 24.5
    endloop
  endfacet
  facet normal 0.2994053596549768 0.6420768658177516 0.7057575568079503
    outer loop
      vertex 17.175000000745058 18.767210507752786 25
      vertex 16.776847717655947 19.041990194254403 24.918922933475343
      vertex 16.503491521763657 19.13080900638711 24.954084874549643
    endloop
  endfacet
  facet normal 0.18336124181028743 0.6843134705749024 0.7057575568079463
    outer loop
      vertex 16.48778762397631 19.087662901818952 25
      vertex 16.503491521763657 19.13080900638711 24.954084874549643
      vertex 15.938322226093526 19.314443642256414 24.922865214356396
    endloop
  endfacet
  facet normal 0.29940535965497883 0.642076865817755 0.7057575568079463
    outer loop
      vertex 16.48778762397631 19.087662901818952 25
      vertex 17.175000000745058 18.767210507752786 25
      vertex 16.503491521763657 19.13080900638711 24.954084874549643
    endloop
  endfacet
  facet normal 0.29940535965497816 0.6420768658177448 0.7057575568079557
    outer loop
      vertex 17.425000000745058 19.200223209645007 24.5
      vertex 17.0267386347083 19.38593553457522 24.5
      vertex 16.776847717655947 19.041990194254403 24.918922933475343
    endloop
  endfacet
  facet normal 0.29940535965497495 0.6420768658177498 0.7057575568079526
    outer loop
      vertex 17.175000000745058 18.767210507752786 25
      vertex 17.425000000745058 19.200223209645007 24.5
      vertex 16.776847717655947 19.041990194254403 24.918922933475343
    endloop
  endfacet
  facet normal 0.40635219715297644 0.5803310803992995 0.7057575568079524
    outer loop
      vertex 18.11751990793754 18.71531555026854 24.5
      vertex 17.425000000745058 19.200223209645007 24.5
      vertex 17.175000000745058 18.767210507752786 25
    endloop
  endfacet
  facet normal 0.7057575568079519 0.06174578541844866 0.7057575568079519
    outer loop
      vertex 20.649999998509884 15 15
      vertex 20.09157994780508 15.667744235085882 15.5
      vertex 20.149999998509884 15 15.5
    endloop
  endfacet
  facet normal 0.7057575568079527 0.06174578541845026 0.705757556807951
    outer loop
      vertex 20.071759926545393 15.894288114725935 15.5
      vertex 20.649999998509884 15 15
      vertex 20.564163803051496 15.9811122035594 15
    endloop
  endfacet
  facet normal 0.7057575568079533 0.061745785418451174 0.7057575568079502
    outer loop
      vertex 20.071759926545393 15.894288114725935 15.5
      vertex 20.09157994780508 15.667744235085882 15.5
      vertex 20.649999998509884 15 15
    endloop
  endfacet
  facet normal 0.6843134705748989 0.18336124181028254 0.705757556807951
    outer loop
      vertex 20.071759926545393 15.894288114725935 15.5
      vertex 20.564163803051496 15.9811122035594 15
      vertex 19.839416995647177 16.761403737617545 15.5
    endloop
  endfacet
  facet normal 0.684313470574899 0.18336124181028268 0.7057575568079509
    outer loop
      vertex 19.839416995647177 16.761403737617545 15.5
      vertex 20.564163803051496 15.9811122035594 15
      vertex 20.30926330604013 16.93241380928038 15
    endloop
  endfacet
  facet normal 0 0 1
    outer loop
      vertex 11.875 14.505 6
      vertex 14.505 14.505 6
      vertex 11.875 15.495 6
    endloop
  endfacet
  facet normal 0 0 1
    outer loop
      vertex 15.495 14.505 6
      vertex 18.125 14.505 6
      vertex 15.495 15.495 6
    endloop
  endfacet
  facet normal 0 1 0
    outer loop
      vertex 11.875 14.505 6
      vertex 14.505 14.505 25
      vertex 14.505 14.505 6
    endloop
  endfacet
  facet normal 0 1 0
    outer loop
      vertex 15.495 14.505 6
      vertex 18.125 14.505 25
      vertex 18.125 14.505 6
    endloop
  endfacet
  facet normal -1 0 0
    outer loop
      vertex 18.125 14.505 6
      vertex 18.125 14.505 25
      vertex 18.125 15.495 6
    endloop
  endfacet
  facet normal 1 0 0
    outer loop
      vertex 11.875 14.505 6
      vertex 11.875 15.495 25
      vertex 11.875 14.505 25
    endloop
  endfacet
  facet normal 0 1 0
    outer loop
      vertex 11.875 14.505 6
      vertex 11.875 14.505 25
      vertex 14.505 14.505 25
    endloop
  endfacet
  facet normal 0 1 0
    outer loop
      vertex 15.495 14.505 6
      vertex 15.495 14.505 25
      vertex 18.125 14.505 25
    endloop
  endfacet
  facet normal 0 0 1
    outer loop
      vertex 14.505 14.505 6
      vertex 14.505 15.495 6
      vertex 11.875 15.495 6
    endloop
  endfacet
  facet normal 0 0 1
    outer loop
      vertex 18.125 14.505 6
      vertex 18.125 15.495 6
      vertex 15.495 15.495 6
    endloop
  endfacet
  facet normal 1 0 0
    outer loop
      vertex 11.875 14.505 6
      vertex 11.875 15.495 6
      vertex 11.875 15.495 25
    endloop
  endfacet
  facet normal 0 -1 0
    outer loop
      vertex 11.875 15.495 6
      vertex 14.505 15.495 6
      vertex 11.875 15.495 25
    endloop
  endfacet
  facet normal 0 -1 0
    outer loop
      vertex 15.495 15.495 6
      vertex 18.125 15.495 6
      vertex 15.495 15.495 25
    endloop
  endfacet
  facet normal 0 -1 0
    outer loop
      vertex 14.505 15.495 6
      vertex 14.505 15.495 25
      vertex 11.875 15.495 25
    endloop
  endfacet
  facet normal 0 -1 0
    outer loop
      vertex 18.125 15.495 6
      vertex 18.125 15.495 25
      vertex 15.495 15.495 25
    endloop
  endfacet
  facet normal -1 0 0
    outer loop
      vertex 18.125 15.495 6
      vertex 18.125 14.505 25
      vertex 18.125 15.495 25
    endloop
  endfacet
  facet normal 0 0 1
    outer loop
      vertex 14.505 11.875 6
      vertex 15.495 18.125 6
      vertex 14.505 14.505 6
    endloop
  endfacet
  facet normal 0 0 1
    outer loop
      vertex 14.505 11.875 6
      vertex 15.495 11.875 6
      vertex 15.495 14.505 6
    endloop
  endfacet
  facet normal 0 0 1
    outer loop
      vertex 14.505 11.875 6
      vertex 15.495 14.505 6
      vertex 15.495 15.495 6
    endloop
  endfacet
  facet normal 1 0 0
    outer loop
      vertex 14.505 11.875 6
      vertex 14.505 14.505 6
      vertex 14.505 14.505 25
    endloop
  endfacet
  facet normal 0 1 0
    outer loop
      vertex 14.505 11.875 6
      vertex 15.495 11.875 25
      vertex 15.495 11.875 6
    endloop
  endfacet
  facet normal -1 0 0
    outer loop
      vertex 15.495 11.875 6
      vertex 15.495 11.875 25
      vertex 15.495 14.505 6
    endloop
  endfacet
  facet normal 0 1 0
    outer loop
      vertex 14.505 11.875 6
      vertex 14.505 11.875 25
      vertex 15.495 11.875 25
    endloop
  endfacet
  facet normal 1 0 0
    outer loop
      vertex 14.505 11.875 6
      vertex 14.505 14.505 25
      vertex 14.505 11.875 25
    endloop
  endfacet
  facet normal -1 0 0
    outer loop
      vertex 15.495 14.505 6
      vertex 15.495 11.875 25
      vertex 15.495 14.505 25
    endloop
  endfacet
  facet normal 0 0 1
    outer loop
      vertex 14.505 14.505 6
      vertex 15.495 18.125 6
      vertex 14.505 15.495 6
    endloop
  endfacet
  facet normal 0 0 1
    outer loop
      vertex 14.505 15.495 6
      vertex 15.495 18.125 6
      vertex 14.505 18.125 6
    endloop
  endfacet
  facet normal 0 0 1
    outer loop
      vertex 14.505 11.875 6
      vertex 15.495 15.495 6
      vertex 15.495 18.125 6
    endloop
  endfacet
  facet normal 1 0 0
    outer loop
      vertex 14.505 15.495 6
      vertex 14.505 18.125 6
      vertex 14.505 18.125 25
    endloop
  endfacet
  facet normal 0 -1 0
    outer loop
      vertex 14.505 18.125 6
      vertex 15.495 18.125 6
      vertex 14.505 18.125 25
    endloop
  endfacet
  facet normal -1 0 0
    outer loop
      vertex 15.495 15.495 6
      vertex 15.495 15.495 25
      vertex 15.495 18.125 6
    endloop
  endfacet
  facet normal 1 0 0
    outer loop
      vertex 14.505 15.495 6
      vertex 14.505 18.125 25
      vertex 14.505 15.495 25
    endloop
  endfacet
  facet normal -1 0 0
    outer loop
      vertex 15.495 18.125 6
      vertex 15.495 15.495 25
      vertex 15.495 18.125 25
    endloop
  endfacet
  facet normal 0 -1 0
    outer loop
      vertex 15.495 18.125 6
      vertex 15.495 18.125 25
      vertex 14.505 18.125 25
    endloop
  endfacet
  facet normal 0 0 1
    outer loop
      vertex 19.39323725421879 14.559161060780646 15.5
      vertex 20.09157994780508 14.332255764914118 15.5
      vertex 20.149999998509884 15 15.5
    endloop
  endfacet
  facet normal 0.3090169943749485 0.9510565162951532 2.099981482762515e-17
    outer loop
      vertex 19.39323725421879 14.559161060780646 15.5
      vertex 19.799872263851636 14.427037336973076 24.5
      vertex 20.09157994780508 14.332255764914118 15.5
    endloop
  endfacet
  facet normal 0.3090169943749489 0.951056516295153 0
    outer loop
      vertex 19.39323725421879 14.559161060780646 15.5
      vertex 19.39323725421879 14.559161060780646 24.91819433764884
      vertex 19.799872263851636 14.427037336973076 24.5
    endloop
  endfacet
  facet normal 1 0 0
    outer loop
      vertex 19.39323725421879 14.559161060780646 15.5
      vertex 19.39323725421879 15 24.956762747271327
      vertex 19.39323725421879 14.559161060780646 24.91819433764884
    endloop
  endfacet
  facet normal 0 0 1
    outer loop
      vertex 19.39323725421879 14.559161060780646 15.5
      vertex 20.149999998509884 15 15.5
      vertex 19.39323725421879 15.440838939219354 15.5
    endloop
  endfacet
  facet normal 0 0 1
    outer loop
      vertex 19.39323725421879 15.440838939219354 15.5
      vertex 20.149999998509884 15 15.5
      vertex 20.09157994780508 15.667744235085882 15.5
    endloop
  endfacet
  facet normal 1 0 0
    outer loop
      vertex 19.39323725421879 14.559161060780646 15.5
      vertex 19.39323725421879 15.440838939219354 15.5
      vertex 19.39323725421879 15.440838939219354 24.91819433764884
    endloop
  endfacet
  facet normal 0.3090169943749485 -0.9510565162951532 0
    outer loop
      vertex 19.39323725421879 15.440838939219354 15.5
      vertex 20.09157994780508 15.667744235085882 15.5
      vertex 19.39323725421879 15.440838939219354 24.91819433764884
    endloop
  endfacet
  facet normal 1 0 0
    outer loop
      vertex 19.39323725421879 14.559161060780646 15.5
      vertex 19.39323725421879 15.440838939219354 24.91819433764884
      vertex 19.39323725421879 15 24.956762747271327
    endloop
  endfacet
  facet normal 0.309016994374949 -0.9510565162951531 3.730804987556025e-17
    outer loop
      vertex 19.39323725421879 15.440838939219354 24.91819433764884
      vertex 20.09157994780508 15.667744235085882 15.5
      vertex 19.799872263851636 15.572962663026924 24.5
    endloop
  endfacet
  facet normal 0 0 1
    outer loop
      vertex 18.813322226093526 17.225633874241 15.5
      vertex 19.516415481026268 17.45408272105715 15.5
      vertex 19.46003082819938 17.574999999254942 15.5
    endloop
  endfacet
  facet normal 0 0 1
    outer loop
      vertex 18.813322226093526 17.225633874241 15.5
      vertex 19.46003082819938 17.574999999254942 15.5
      vertex 18.945128880921242 18.310356188927848 15.5
    endloop
  endfacet
  facet normal 0 0 1
    outer loop
      vertex 18.813322226093526 17.225633874241 15.5
      vertex 18.945128880921242 18.310356188927848 15.5
      vertex 18.295084971874736 17.938926261462367 15.5
    endloop
  endfacet
  facet normal 0 0 1
    outer loop
      vertex 18.295084971874736 17.938926261462367 15.5
      vertex 18.945128880921242 18.310356188927848 15.5
      vertex 18.724929109179676 18.530555960669414 15.5
    endloop
  endfacet
  facet normal 0.8090169943749476 0.5877852522924729 0
    outer loop
      vertex 18.813322226093526 17.225633874241 15.5
      vertex 18.295084971874736 17.938926261462367 15.5
      vertex 18.295084971874736 17.938926261462367 24.92505011415413
    endloop
  endfacet
  facet normal -0.3090169943749448 0.9510565162951545 -2.7115304112570294e-17
    outer loop
      vertex 18.813322226093526 17.225633874241 15.5
      vertex 19.23004971915006 17.36103684469683 24.5
      vertex 19.516415481026268 17.45408272105715 15.5
    endloop
  endfacet
  facet normal 0.8090169943749469 -0.5877852522924737 0
    outer loop
      vertex 18.295084971874736 17.938926261462367 15.5
      vertex 18.724929109179676 18.530555960669414 15.5
      vertex 18.295084971874736 17.938926261462367 24.92505011415413
    endloop
  endfacet
  facet normal 0.8090169943749472 0.5877852522924732 0
    outer loop
      vertex 18.813322226093526 17.225633874241 15.5
      vertex 18.37363298629399 17.830814194526795 24.946034909650116
      vertex 18.813322226093526 17.225633874241 24.932929872854235
    endloop
  endfacet
  facet normal 0.8090169943749492 0.5877852522924708 2.606141644176459e-16
    outer loop
      vertex 18.813322226093526 17.225633874241 15.5
      vertex 18.295084971874736 17.938926261462367 24.92505011415413
      vertex 18.37363298629399 17.830814194526795 24.946034909650116
    endloop
  endfacet
  facet normal -0.30901699437494534 0.9510565162951543 0
    outer loop
      vertex 18.813322226093526 17.225633874241 15.5
      vertex 18.813322226093526 17.225633874241 24.932929872854235
      vertex 19.23004971915006 17.36103684469683 24.5
    endloop
  endfacet
  facet normal 0.8090169943749449 -0.5877852522924767 -2.734789432230135e-16
    outer loop
      vertex 18.547074864454903 18.285760593751178 24.5
      vertex 18.295084971874736 17.938926261462367 24.92505011415413
      vertex 18.724929109179676 18.530555960669414 15.5
    endloop
  endfacet
  facet normal -0.309016994375222 0.9510565162950644 -2.932558828321581e-13
    outer loop
      vertex 19.23004971915006 17.36103684469683 24.5
      vertex 18.813322226093526 17.225633874241 24.932929872854235
      vertex 18.908442481211114 17.256540318639406 24.836919364211305
    endloop
  endfacet
  facet normal 0 0 1
    outer loop
      vertex 15.938322226093526 19.314443642256414 15.5
      vertex 16.776847717655947 19.041990194254403 15.5
      vertex 16.761403737617545 19.839416995647177 15.5
    endloop
  endfacet
  facet normal 0 0 1
    outer loop
      vertex 16.776847717655947 19.041990194254403 15.5
      vertex 17.205691058604142 19.632242415449955 15.5
      vertex 16.761403737617545 19.839416995647177 15.5
    endloop
  endfacet
  facet normal 0 0 1
    outer loop
      vertex 15.938322226093526 19.314443642256414 15.5
      vertex 16.761403737617545 19.839416995647177 15.5
      vertex 15.938322226093527 20.059961021965027 15.5
    endloop
  endfacet
  facet normal 1 -2.382716872535613e-15 0
    outer loop
      vertex 15.938322226093526 19.314443642256414 15.5
      vertex 15.938322226093527 20.059961021965027 15.5
      vertex 15.938322226093526 19.314443642256414 24.922865214356396
    endloop
  endfacet
  facet normal 0.30901699437494806 0.9510565162951534 -1.5317173401935596e-16
    outer loop
      vertex 15.938322226093526 19.314443642256414 15.5
      vertex 16.503491521763657 19.13080900638711 24.954084874549643
      vertex 16.776847717655947 19.041990194254403 15.5
    endloop
  endfacet
  facet normal -0.8090169943749482 0.587785252292472 2.5361736960764322e-17
    outer loop
      vertex 16.776847717655947 19.041990194254403 15.5
      vertex 17.0267386347083 19.38593553457522 24.5
      vertex 17.205691058604142 19.632242415449955 15.5
    endloop
  endfacet
  facet normal 0.30901699437494573 0.9510565162951541 0
    outer loop
      vertex 15.938322226093526 19.314443642256414 15.5
      vertex 15.938322226093526 19.314443642256414 24.922865214356396
      vertex 16.503491521763657 19.13080900638711 24.954084874549643
    endloop
  endfacet
  facet normal -0.809016994374948 0.5877852522924725 0
    outer loop
      vertex 16.776847717655947 19.041990194254403 15.5
      vertex 16.776847717655947 19.041990194254403 24.918922933475343
      vertex 17.0267386347083 19.38593553457522 24.5
    endloop
  endfacet
  facet normal 0.30901699437495284 0.9510565162951519 0
    outer loop
      vertex 16.776847717655947 19.041990194254403 15.5
      vertex 16.503491521763657 19.13080900638711 24.954084874549643
      vertex 16.776847717655947 19.041990194254403 24.918922933475343
    endloop
  endfacet
  facet normal 1 1.9797507300287468e-16 2.041789469875576e-16
    outer loop
      vertex 15.938322226093527 20.059961021965027 15.5
      vertex 15.938322226093526 19.750560032443087 24.5
      vertex 15.938322226093526 19.314443642256414 24.922865214356396
    endloop
  endfacet
  facet normal 0 0 1
    outer loop
      vertex 13.223152282344053 19.041990194254403 15.5
      vertex 13.238596262382456 19.839416995647177 15.5
      vertex 12.794308941395856 19.632242415449955 15.5
    endloop
  endfacet
  facet normal 0 0 1
    outer loop
      vertex 13.223152282344053 19.041990194254403 15.5
      vertex 14.061677773906473 20.059961021965027 15.5
      vertex 13.238596262382456 19.839416995647177 15.5
    endloop
  endfacet
  facet normal 0 0 1
    outer loop
      vertex 13.223152282344053 19.041990194254403 15.5
      vertex 14.061677773906474 19.314443642256414 15.5
      vertex 14.061677773906473 20.059961021965027 15.5
    endloop
  endfacet
  facet normal -0.30901699437494806 0.9510565162951534 -9.323496853352102e-17
    outer loop
      vertex 13.223152282344053 19.041990194254403 15.5
      vertex 13.496508478236345 19.13080900638711 24.954084874549643
      vertex 14.061677773906474 19.314443642256414 15.5
    endloop
  endfacet
  facet normal 0.8090169943749471 0.5877852522924737 0
    outer loop
      vertex 13.223152282344053 19.041990194254403 15.5
      vertex 12.794308941395856 19.632242415449955 15.5
      vertex 13.223152282344053 19.041990194254403 24.918922933475343
    endloop
  endfacet
  facet normal -1 -2.382716872535613e-15 1.1546020903190104e-16
    outer loop
      vertex 14.061677773906474 19.314443642256414 15.5
      vertex 14.061677773906474 19.750560032443087 24.5
      vertex 14.061677773906473 20.059961021965027 15.5
    endloop
  endfacet
  facet normal -0.309016994374951 0.9510565162951523 0
    outer loop
      vertex 13.223152282344053 19.041990194254403 15.5
      vertex 13.223152282344053 19.041990194254403 24.918922933475343
      vertex 13.496508478236345 19.13080900638711 24.954084874549643
    endloop
  endfacet
  facet normal 0.809016994374948 0.5877852522924722 -1.2006576237697987e-16
    outer loop
      vertex 12.973261365291702 19.38593553457522 24.5
      vertex 13.223152282344053 19.041990194254403 24.918922933475343
      vertex 12.794308941395856 19.632242415449955 15.5
    endloop
  endfacet
  facet normal -0.3090169943749466 0.9510565162951538 0
    outer loop
      vertex 14.061677773906474 19.314443642256414 15.5
      vertex 13.496508478236345 19.13080900638711 24.954084874549643
      vertex 14.061677773906474 19.314443642256414 24.922865214356396
    endloop
  endfacet
  facet normal -1 0 0
    outer loop
      vertex 14.061677773906474 19.314443642256414 15.5
      vertex 14.061677773906474 19.314443642256414 24.922865214356396
      vertex 14.061677773906474 19.750560032443087 24.5
    endloop
  endfacet
  facet normal 0 0 1
    outer loop
      vertex 11.186677773906474 17.225633874241 15.5
      vertex 10.53996917180062 17.574999999254942 15.5
      vertex 10.483584518973732 17.45408272105715 15.5
    endloop
  endfacet
  facet normal 0 0 1
    outer loop
      vertex 11.186677773906474 17.225633874241 15.5
      vertex 11.054871119078758 18.310356188927848 15.5
      vertex 10.53996917180062 17.574999999254942 15.5
    endloop
  endfacet
  facet normal 0 0 1
    outer loop
      vertex 11.186677773906474 17.225633874241 15.5
      vertex 11.275070890820324 18.530555960669414 15.5
      vertex 11.054871119078758 18.310356188927848 15.5
    endloop
  endfacet
  facet normal 0 0 1
    outer loop
      vertex 11.186677773906474 17.225633874241 15.5
      vertex 11.704915028125264 17.938926261462367 15.5
      vertex 11.275070890820324 18.530555960669414 15.5
    endloop
  endfacet
  facet normal 0.30901699437494473 0.9510565162951544 0
    outer loop
      vertex 11.186677773906474 17.225633874241 15.5
      vertex 10.483584518973732 17.45408272105715 15.5
      vertex 11.186677773906474 17.225633874241 24.932929872854235
    endloop
  endfacet
  facet normal -0.8090169943749475 0.5877852522924729 0
    outer loop
      vertex 11.186677773906474 17.225633874241 15.5
      vertex 11.186677773906474 17.225633874241 24.932929872854235
      vertex 11.704915028125264 17.938926261462367 15.5
    endloop
  endfacet
  facet normal -0.8090169943749469 -0.5877852522924738 4.217114633960028e-18
    outer loop
      vertex 11.704915028125264 17.938926261462367 15.5
      vertex 11.4529251355451 18.285760593751178 24.5
      vertex 11.275070890820324 18.530555960669414 15.5
    endloop
  endfacet
  facet normal 0.30901699437495384 0.9510565162951514 -7.436293963213847e-16
    outer loop
      vertex 11.186677773906474 17.225633874241 24.932929872854235
      vertex 10.483584518973732 17.45408272105715 15.5
      vertex 11.091557518788886 17.256540318639406 24.836919364211305
    endloop
  endfacet
  facet normal 0.30901699437494456 0.9510565162951544 -8.255046996476445e-17
    outer loop
      vertex 10.769950280849942 17.36103684469683 24.5
      vertex 11.091557518788886 17.256540318639406 24.836919364211305
      vertex 10.483584518973732 17.45408272105715 15.5
    endloop
  endfacet
  facet normal -0.8090169943749473 0.5877852522924735 4.6142782808856326e-17
    outer loop
      vertex 11.704915028125264 17.938926261462367 15.5
      vertex 11.186677773906474 17.225633874241 24.932929872854235
      vertex 11.626367013706009 17.830814194526795 24.946034909650116
    endloop
  endfacet
  facet normal -0.8090169943749492 0.5877852522924708 0
    outer loop
      vertex 11.704915028125264 17.938926261462367 15.5
      vertex 11.626367013706009 17.830814194526795 24.946034909650116
      vertex 11.704915028125264 17.938926261462367 24.925050114154125
    endloop
  endfacet
  facet normal -0.8090169943749471 -0.5877852522924737 0
    outer loop
      vertex 11.704915028125264 17.938926261462367 15.5
      vertex 11.704915028125264 17.938926261462367 24.925050114154125
      vertex 11.4529251355451 18.285760593751178 24.5
    endloop
  endfacet
  facet normal 0 0 1
    outer loop
      vertex 10.60676274578121 14.559161060780646 15.5
      vertex 9.850000001490116 15 15.5
      vertex 9.90842005219492 14.332255764914118 15.5
    endloop
  endfacet
  facet normal -0.3090169943749485 0.9510565162951532 0
    outer loop
      vertex 10.60676274578121 14.559161060780646 15.5
      vertex 9.90842005219492 14.332255764914118 15.5
      vertex 10.60676274578121 14.559161060780646 24.91819433764884
    endloop
  endfacet
  facet normal -1 0 0
    outer loop
      vertex 10.60676274578121 14.559161060780646 15.5
      vertex 10.60676274578121 14.559161060780646 24.91819433764884
      vertex 10.60676274578121 15.440838939219354 15.5
    endloop
  endfacet
  facet normal -0.309016994374949 0.9510565162951531 3.730804987556025e-17
    outer loop
      vertex 10.60676274578121 14.559161060780646 24.91819433764884
      vertex 9.90842005219492 14.332255764914118 15.5
      vertex 10.200127736148364 14.427037336973076 24.5
    endloop
  endfacet
  facet normal 0 0 1
    outer loop
      vertex 10.60676274578121 14.559161060780646 15.5
      vertex 10.60676274578121 15.440838939219354 15.5
      vertex 9.850000001490116 15 15.5
    endloop
  endfacet
  facet normal 0 0 1
    outer loop
      vertex 10.60676274578121 15.440838939219354 15.5
      vertex 9.90842005219492 15.667744235085882 15.5
      vertex 9.850000001490116 15 15.5
    endloop
  endfacet
  facet normal -0.3090169943749485 -0.9510565162951532 2.099981482762515e-17
    outer loop
      vertex 10.60676274578121 15.440838939219354 15.5
      vertex 10.200127736148364 15.572962663026924 24.5
      vertex 9.90842005219492 15.667744235085882 15.5
    endloop
  endfacet
  facet normal -1 0 0
    outer loop
      vertex 10.60676274578121 15.440838939219354 15.5
      vertex 10.60676274578121 14.559161060780646 24.91819433764884
      vertex 10.60676274578121 15 24.956762747271327
    endloop
  endfacet
  facet normal -1 0 0
    outer loop
      vertex 10.60676274578121 15.440838939219354 15.5
      vertex 10.60676274578121 15 24.956762747271327
      vertex 10.60676274578121 15.440838939219354 24.91819433764884
    endloop
  endfacet
  facet normal -0.3090169943749489 -0.951056516295153 0
    outer loop
      vertex 10.60676274578121 15.440838939219354 15.5
      vertex 10.60676274578121 15.440838939219354 24.91819433764884
      vertex 10.200127736148364 15.572962663026924 24.5
    endloop
  endfacet
  facet normal 0 0 1
    outer loop
      vertex 11.704915028125264 12.061073738537635 15.5
      vertex 11.054871119078758 11.689643811072152 15.5
      vertex 11.275070890820324 11.469444039330586 15.5
    endloop
  endfacet
  facet normal 0 0 1
    outer loop
      vertex 11.704915028125264 12.061073738537635 15.5
      vertex 11.186677773906474 12.774366125759 15.5
      vertex 11.054871119078758 11.689643811072152 15.5
    endloop
  endfacet
  facet normal 0 0 1
    outer loop
      vertex 11.186677773906474 12.774366125759 15.5
      vertex 10.53996917180062 12.425000000745058 15.5
      vertex 11.054871119078758 11.689643811072152 15.5
    endloop
  endfacet
  facet normal 0 0 1
    outer loop
      vertex 11.186677773906474 12.774366125759 15.5
      vertex 10.483584518973732 12.545917278942849 15.5
      vertex 10.53996917180062 12.425000000745058 15.5
    endloop
  endfacet
  facet normal -0.8090169943749478 0.5877852522924727 0
    outer loop
      vertex 11.704915028125264 12.061073738537635 15.5
      vertex 11.275070890820324 11.469444039330586 15.5
      vertex 11.704915028125264 12.061073738537635 24.92505011415413
    endloop
  endfacet
  facet normal 0.3090169943749469 -0.9510565162951538 8.343170496175468e-17
    outer loop
      vertex 11.186677773906474 12.774366125759 15.5
      vertex 10.76995028084994 12.638963155303172 24.5
      vertex 10.483584518973732 12.545917278942849 15.5
    endloop
  endfacet
  facet normal -0.8090169943749476 -0.5877852522924729 0
    outer loop
      vertex 11.704915028125264 12.061073738537635 15.5
      vertex 11.704915028125264 12.061073738537635 24.92505011415413
      vertex 11.186677773906474 12.774366125759 15.5
    endloop
  endfacet
  facet normal -0.809016994374948 0.5877852522924726 1.674360876875581e-17
    outer loop
      vertex 11.452925135545097 11.71423940624882 24.5
      vertex 11.704915028125264 12.061073738537635 24.92505011415413
      vertex 11.275070890820324 11.469444039330586 15.5
    endloop
  endfacet
  facet normal 0.3090169943749453 -0.9510565162951542 0
    outer loop
      vertex 11.186677773906474 12.774366125759 15.5
      vertex 11.186677773906474 12.774366125759 24.93292987285424
      vertex 10.76995028084994 12.638963155303172 24.5
    endloop
  endfacet
  facet normal -0.8090169943749492 -0.5877852522924708 2.606141644176459e-16
    outer loop
      vertex 11.186677773906474 12.774366125759 15.5
      vertex 11.704915028125264 12.061073738537635 24.92505011415413
      vertex 11.626367013706009 12.169185805473207 24.946034909650116
    endloop
  endfacet
  facet normal -0.8090169943749472 -0.5877852522924734 0
    outer loop
      vertex 11.186677773906474 12.774366125759 15.5
      vertex 11.626367013706009 12.169185805473207 24.946034909650116
      vertex 11.186677773906474 12.774366125759 24.93292987285424
    endloop
  endfacet
  facet normal 0.30901699437480523 -0.9510565162951997 1.4662794141617296e-13
    outer loop
      vertex 10.76995028084994 12.638963155303172 24.5
      vertex 11.186677773906474 12.774366125759 24.93292987285424
      vertex 11.091557518788898 12.743459681360601 24.83691936421132
    endloop
  endfacet
  facet normal 0 0 1
    outer loop
      vertex 14.061677773906474 10.685556357743586 15.5
      vertex 13.238596262382456 10.160583004352823 15.5
      vertex 14.061677773906473 9.940038978034975 15.5
    endloop
  endfacet
  facet normal 0 0 1
    outer loop
      vertex 13.223152282344053 10.958009805745597 15.5
      vertex 12.794308941395856 10.367757584550043 15.5
      vertex 13.238596262382456 10.160583004352823 15.5
    endloop
  endfacet
  facet normal 0 0 1
    outer loop
      vertex 13.223152282344053 10.958009805745597 15.5
      vertex 13.238596262382456 10.160583004352823 15.5
      vertex 14.061677773906474 10.685556357743586 15.5
    endloop
  endfacet
  facet normal 0.8090169943749479 -0.5877852522924725 -4.226956160127373e-17
    outer loop
      vertex 13.223152282344053 10.958009805745597 15.5
      vertex 12.973261365291703 10.61406446542478 24.5
      vertex 12.794308941395856 10.367757584550043 15.5
    endloop
  endfacet
  facet normal -0.30901699437494806 -0.9510565162951534 -9.323496853352102e-17
    outer loop
      vertex 13.223152282344053 10.958009805745597 15.5
      vertex 14.061677773906474 10.685556357743586 15.5
      vertex 13.496508478236345 10.86919099361289 24.954084874549643
    endloop
  endfacet
  facet normal -1 2.382716872535619e-15 0
    outer loop
      vertex 14.061677773906474 10.685556357743586 15.5
      vertex 14.061677773906473 9.940038978034975 15.5
      vertex 14.061677773906474 10.685556357743586 24.922865214356396
    endloop
  endfacet
  facet normal -1 -1.9797507300287377e-16 2.0417894698755747e-16
    outer loop
      vertex 14.061677773906473 9.940038978034975 15.5
      vertex 14.061677773906474 10.249439967556912 24.5
      vertex 14.061677773906474 10.685556357743586 24.922865214356396
    endloop
  endfacet
  facet normal 0.8090169943749485 -0.5877852522924718 0
    outer loop
      vertex 13.223152282344053 10.958009805745597 15.5
      vertex 13.223152282344053 10.958009805745597 24.918922933475343
      vertex 12.973261365291703 10.61406446542478 24.5
    endloop
  endfacet
  facet normal -0.309016994374951 -0.9510565162951523 0
    outer loop
      vertex 13.223152282344053 10.958009805745597 15.5
      vertex 13.496508478236345 10.86919099361289 24.954084874549643
      vertex 13.223152282344053 10.958009805745597 24.918922933475343
    endloop
  endfacet
  facet normal -0.3090169943749466 -0.9510565162951538 0
    outer loop
      vertex 14.061677773906474 10.685556357743586 15.5
      vertex 14.061677773906474 10.685556357743586 24.922865214356396
      vertex 13.496508478236345 10.86919099361289 24.954084874549643
    endloop
  endfacet
  facet normal 0 0 1
    outer loop
      vertex 15.938322226093526 10.685556357743586 15.5
      vertex 15.938322226093527 9.940038978034975 15.5
      vertex 16.776847717655947 10.958009805745597 15.5
    endloop
  endfacet
  facet normal 0 0 1
    outer loop
      vertex 16.776847717655947 10.958009805745597 15.5
      vertex 15.938322226093527 9.940038978034975 15.5
      vertex 16.761403737617545 10.160583004352823 15.5
    endloop
  endfacet
  facet normal 0 0 1
    outer loop
      vertex 16.776847717655947 10.958009805745597 15.5
      vertex 16.761403737617545 10.160583004352823 15.5
      vertex 17.205691058604145 10.367757584550043 15.5
    endloop
  endfacet
  facet normal 1 2.382716872535619e-15 1.1546020903190178e-16
    outer loop
      vertex 15.938322226093526 10.685556357743586 15.5
      vertex 15.938322226093526 10.249439967556912 24.5
      vertex 15.938322226093527 9.940038978034975 15.5
    endloop
  endfacet
  facet normal -0.8090169943749467 -0.587785252292474 0
    outer loop
      vertex 16.776847717655947 10.958009805745597 15.5
      vertex 17.205691058604145 10.367757584550043 15.5
      vertex 16.776847717655947 10.958009805745597 24.918922933475343
    endloop
  endfacet
  facet normal 0.30901699437494806 -0.9510565162951533 2.6638562438148852e-17
    outer loop
      vertex 15.938322226093526 10.685556357743586 15.5
      vertex 16.776847717655947 10.958009805745597 15.5
      vertex 16.503491521763657 10.869190993612891 24.954084874549647
    endloop
  endfacet
  facet normal 1 0 0
    outer loop
      vertex 15.938322226093526 10.685556357743586 15.5
      vertex 15.938322226093526 10.685556357743586 24.922865214356396
      vertex 15.938322226093526 10.249439967556912 24.5
    endloop
  endfacet
  facet normal 0.3090169943749484 -0.9510565162951532 0
    outer loop
      vertex 15.938322226093526 10.685556357743586 15.5
      vertex 16.503491521763657 10.869190993612891 24.954084874549647
      vertex 15.938322226093526 10.685556357743586 24.922865214356396
    endloop
  endfacet
  facet normal -0.8090169943749465 -0.5877852522924745 3.752055074280636e-17
    outer loop
      vertex 17.0267386347083 10.61406446542478 24.5
      vertex 16.776847717655947 10.958009805745597 24.918922933475343
      vertex 17.205691058604145 10.367757584550043 15.5
    endloop
  endfacet
  facet normal 0.3090169943749472 -0.9510565162951535 0
    outer loop
      vertex 16.776847717655947 10.958009805745597 15.5
      vertex 16.776847717655947 10.958009805745597 24.918922933475343
      vertex 16.503491521763657 10.869190993612891 24.954084874549647
    endloop
  endfacet
  facet normal 0 0 1
    outer loop
      vertex 18.295084971874736 12.061073738537635 15.5
      vertex 18.724929109179676 11.469444039330586 15.5
      vertex 18.813322226093526 12.774366125759 15.5
    endloop
  endfacet
  facet normal 0 0 1
    outer loop
      vertex 18.813322226093526 12.774366125759 15.5
      vertex 18.724929109179676 11.469444039330586 15.5
      vertex 18.945128880921242 11.689643811072152 15.5
    endloop
  endfacet
  facet normal 0 0 1
    outer loop
      vertex 18.813322226093526 12.774366125759 15.5
      vertex 18.945128880921242 11.689643811072152 15.5
      vertex 19.46003082819938 12.425000000745058 15.5
    endloop
  endfacet
  facet normal 0 0 1
    outer loop
      vertex 18.813322226093526 12.774366125759 15.5
      vertex 19.46003082819938 12.425000000745058 15.5
      vertex 19.516415481026268 12.545917278942849 15.5
    endloop
  endfacet
  facet normal 0.8090169943749479 0.5877852522924727 8.43422926792004e-18
    outer loop
      vertex 18.295084971874736 12.061073738537635 15.5
      vertex 18.547074864454903 11.71423940624882 24.5
      vertex 18.724929109179676 11.469444039330586 15.5
    endloop
  endfacet
  facet normal 0.8090169943749475 -0.5877852522924728 0
    outer loop
      vertex 18.295084971874736 12.061073738537635 15.5
      vertex 18.813322226093526 12.774366125759 15.5
      vertex 18.813322226093526 12.774366125759 24.93292987285424
    endloop
  endfacet
  facet normal -0.30901699437494695 -0.9510565162951538 0
    outer loop
      vertex 18.813322226093526 12.774366125759 15.5
      vertex 19.516415481026268 12.545917278942849 15.5
      vertex 18.813322226093526 12.774366125759 24.93292987285424
    endloop
  endfacet
  facet normal 0.8090169943749478 0.5877852522924724 0
    outer loop
      vertex 18.295084971874736 12.061073738537635 15.5
      vertex 18.295084971874736 12.061073738537635 24.92505011415413
      vertex 18.547074864454903 11.71423940624882 24.5
    endloop
  endfacet
  facet normal 0.8090169943749491 -0.5877852522924707 0
    outer loop
      vertex 18.295084971874736 12.061073738537635 15.5
      vertex 18.37363298629399 12.169185805473207 24.946034909650116
      vertex 18.295084971874736 12.061073738537635 24.92505011415413
    endloop
  endfacet
  facet normal 0.8090169943749472 -0.5877852522924735 4.6142782808856326e-17
    outer loop
      vertex 18.295084971874736 12.061073738537635 15.5
      vertex 18.813322226093526 12.774366125759 24.93292987285424
      vertex 18.37363298629399 12.169185805473207 24.946034909650116
    endloop
  endfacet
  facet normal -0.30901699437494795 -0.9510565162951535 4.717169712272067e-17
    outer loop
      vertex 18.908442481211104 12.743459681360601 24.83691936421132
      vertex 19.516415481026268 12.545917278942849 15.5
      vertex 19.23004971915006 12.638963155303172 24.5
    endloop
  endfacet
  facet normal -0.30901699437493535 -0.9510565162951575 9.543906690756867e-16
    outer loop
      vertex 18.813322226093526 12.774366125759 24.93292987285424
      vertex 19.516415481026268 12.545917278942849 15.5
      vertex 18.908442481211104 12.743459681360601 24.83691936421132
    endloop
  endfacet
  facet normal -1 0 0
    outer loop
      vertex 50 0 0
      vertex 50 0 15
      vertex 50 30 15
    endloop
  endfacet
  facet normal 0 -1 0
    outer loop
      vertex 50 0 0
      vertex 80 0 0
      vertex 80 0 15
    endloop
  endfacet
  facet normal 0 -1 0
    outer loop
      vertex 50 0 0
      vertex 80 0 15
      vertex 50 0 15
    endloop
  endfacet
  facet normal 0 0 -1
    outer loop
      vertex 50 0 0
      vertex 80 30 0
      vertex 80 0 0
    endloop
  endfacet
  facet normal 1 0 0
    outer loop
      vertex 80 0 0
      vertex 80 30 0
      vertex 80 0 15
    endloop
  endfacet
  facet normal 0 0 1
    outer loop
      vertex 50 0 15
      vertex 61.33611062478673 10.633546674221826 15
      vertex 60.633546674221826 11.336110624786727 15
    endloop
  endfacet
  facet normal 0 0 1
    outer loop
      vertex 50 0 15
      vertex 62.15 10.0636551984287 15
      vertex 61.33611062478673 10.633546674221826 15
    endloop
  endfacet
  facet normal 0 0 1
    outer loop
      vertex 50 0 15
      vertex 63.05048518304369 9.64375206152032 15
      vertex 62.15 10.0636551984287 15
    endloop
  endfacet
  facet normal 0 0 1
    outer loop
      vertex 50 0 15
      vertex 60.633546674221826 11.336110624786727 15
      vertex 60.0636551984287 12.15 15
    endloop
  endfacet
  facet normal 0 0 1
    outer loop
      vertex 50 0 15
      vertex 60.0636551984287 12.15 15
      vertex 59.64375206152032 13.050485183043689 15
    endloop
  endfacet
  facet normal 0 0 1
    outer loop
      vertex 50 0 15
      vertex 59.64375206152032 13.050485183043689 15
      vertex 59.38659580783042 14.010205387298496 15
    endloop
  endfacet
  facet normal 0 0 1
    outer loop
      vertex 50 0 15
      vertex 59.38659580783042 14.010205387298496 15
      vertex 59.3 15 15
    endloop
  endfacet
  facet normal 0 0 1
    outer loop
      vertex 50 0 15
      vertex 59.3 15 15
      vertex 59.38659580783042 15.989794612701504 15
    endloop
  endfacet
  facet normal 0 0 1
    outer loop
      vertex 50 0 15
      vertex 59.38659580783042 15.989794612701504 15
      vertex 59.64375206152032 16.949514816956313 15
    endloop
  endfacet
  facet normal 0 0 1
    outer loop
      vertex 50 0 15
      vertex 80 0 15
      vertex 63.05048518304369 9.64375206152032 15
    endloop
  endfacet
  facet normal 0 0 1
    outer loop
      vertex 80 0 15
      vertex 64.0102053872985 9.386595807830414 15
      vertex 63.05048518304369 9.64375206152032 15
    endloop
  endfacet
  facet normal 0 0 1
    outer loop
      vertex 80 0 15
      vertex 65 9.3 15
      vertex 64.0102053872985 9.386595807830414 15
    endloop
  endfacet
  facet normal 0 0 1
    outer loop
      vertex 80 0 15
      vertex 65.9897946127015 9.386595807830414 15
      vertex 65 9.3 15
    endloop
  endfacet
  facet normal 0 0 1
    outer loop
      vertex 80 0 15
      vertex 66.94951481695631 9.64375206152032 15
      vertex 65.9897946127015 9.386595807830414 15
    endloop
  endfacet
  facet normal 0 0 1
    outer loop
      vertex 80 0 15
      vertex 67.85 10.0636551984287 15
      vertex 66.94951481695631 9.64375206152032 15
    endloop
  endfacet
  facet normal 0 0 1
    outer loop
      vertex 80 0 15
      vertex 68.66388937521327 10.633546674221826 15
      vertex 67.85 10.0636551984287 15
    endloop
  endfacet
  facet normal 0 0 1
    outer loop
      vertex 80 0 15
      vertex 69.36645332577817 11.336110624786727 15
      vertex 68.66388937521327 10.633546674221826 15
    endloop
  endfacet
  facet normal 0 0 1
    outer loop
      vertex 80 0 15
      vertex 69.9363448015713 12.15 15
      vertex 69.36645332577817 11.336110624786727 15
    endloop
  endfacet
  facet normal 0 0 1
    outer loop
      vertex 80 0 15
      vertex 70.35624793847968 13.050485183043689 15
      vertex 69.9363448015713 12.15 15
    endloop
  endfacet
  facet normal 0 0 1
    outer loop
      vertex 80 0 15
      vertex 80 30 15
      vertex 70.35624793847968 13.050485183043689 15
    endloop
  endfacet
  facet normal -1 0 0
    outer loop
      vertex 50 0 0
      vertex 50 30 15
      vertex 50 30 0
    endloop
  endfacet
  facet normal 0 0 -1
    outer loop
      vertex 50 0 0
      vertex 50 30 0
      vertex 80 30 0
    endloop
  endfacet
  facet normal 1 0 0
    outer loop
      vertex 80 0 15
      vertex 80 30 0
      vertex 80 30 15
    endloop
  endfacet
  facet normal 0 1 0
    outer loop
      vertex 50 30 0
      vertex 50 30 15
      vertex 80 30 0
    endloop
  endfacet
  facet normal 0 1 0
    outer loop
      vertex 50 30 15
      vertex 80 30 15
      vertex 80 30 0
    endloop
  endfacet
  facet normal 0 0 1
    outer loop
      vertex 50 0 15
      vertex 59.64375206152032 16.949514816956313 15
      vertex 50 30 15
    endloop
  endfacet
  facet normal 0 0 1
    outer loop
      vertex 50 30 15
      vertex 59.64375206152032 16.949514816956313 15
      vertex 60.0636551984287 17.85 15
    endloop
  endfacet
  facet normal 0 0 1
    outer loop
      vertex 50 30 15
      vertex 60.0636551984287 17.85 15
      vertex 60.633546674221826 18.663889375213273 15
    endloop
  endfacet
  facet normal 0 0 1
    outer loop
      vertex 50 30 15
      vertex 60.633546674221826 18.663889375213273 15
      vertex 61.33611062478673 19.366453325778174 15
    endloop
  endfacet
  facet normal 0 0 1
    outer loop
      vertex 50 30 15
      vertex 61.33611062478673 19.366453325778174 15
      vertex 62.15 19.936344801571302 15
    endloop
  endfacet
  facet normal 0 0 1
    outer loop
      vertex 50 30 15
      vertex 62.15 19.936344801571302 15
      vertex 63.05048518304369 20.35624793847968 15
    endloop
  endfacet
  facet normal 0 0 1
    outer loop
      vertex 50 30 15
      vertex 63.05048518304369 20.35624793847968 15
      vertex 64.0102053872985 20.613404192169586 15
    endloop
  endfacet
  facet normal 0 0 1
    outer loop
      vertex 50 30 15
      vertex 64.0102053872985 20.613404192169586 15
      vertex 65 20.7 15
    endloop
  endfacet
  facet normal 0 0 1
    outer loop
      vertex 80 30 15
      vertex 70.61340419216958 14.010205387298496 15
      vertex 70.35624793847968 13.050485183043689 15
    endloop
  endfacet
  facet normal 0 0 1
    outer loop
      vertex 80 30 15
      vertex 70.7 15 15
      vertex 70.61340419216958 14.010205387298496 15
    endloop
  endfacet
  facet normal 0 0 1
    outer loop
      vertex 80 30 15
      vertex 70.61340419216958 15.989794612701504 15
      vertex 70.7 15 15
    endloop
  endfacet
  facet normal 0 0 1
    outer loop
      vertex 80 30 15
      vertex 70.35624793847968 16.949514816956313 15
      vertex 70.61340419216958 15.989794612701504 15
    endloop
  endfacet
  facet normal 0 0 1
    outer loop
      vertex 80 30 15
      vertex 69.9363448015713 17.85 15
      vertex 70.35624793847968 16.949514816956313 15
    endloop
  endfacet
  facet normal 0 0 1
    outer loop
      vertex 80 30 15
      vertex 69.36645332577817 18.663889375213273 15
      vertex 69.9363448015713 17.85 15
    endloop
  endfacet
  facet normal 0 0 1
    outer loop
      vertex 50 30 15
      vertex 65 20.7 15
      vertex 65.9897946127015 20.613404192169586 15
    endloop
  endfacet
  facet normal 0 0 1
    outer loop
      vertex 50 30 15
      vertex 65.9897946127015 20.613404192169586 15
      vertex 66.94951481695631 20.35624793847968 15
    endloop
  endfacet
  facet normal 0 0 1
    outer loop
      vertex 50 30 15
      vertex 66.94951481695631 20.35624793847968 15
      vertex 80 30 15
    endloop
  endfacet
  facet normal 0 0 1
    outer loop
      vertex 80 30 15
      vertex 66.94951481695631 20.35624793847968 15
      vertex 67.85 19.936344801571302 15
    endloop
  endfacet
  facet normal 0 0 1
    outer loop
      vertex 80 30 15
      vertex 67.85 19.936344801571302 15
      vertex 68.66388937521327 19.366453325778174 15
    endloop
  endfacet
  facet normal 0 0 1
    outer loop
      vertex 80 30 15
      vertex 68.66388937521327 19.366453325778174 15
      vertex 69.36645332577817 18.663889375213273 15
    endloop
  endfacet
  facet normal 0 0 1
    outer loop
      vertex 60.01063653720461 13.534990704424565 4
      vertex 60.01063653720461 16.465009295575435 4
      vertex 59.82354600261996 14.505708574818248 4
    endloop
  endfacet
  facet normal 0.9819286972627077 0.1892512443604052 2.13913332839829e-16
    outer loop
      vertex 60.01063653720461 13.534990704424565 4
      vertex 59.82354600261996 14.505708574818248 4
      vertex 59.859620220853124 14.318537757346618 14.5
    endloop
  endfacet
  facet normal 0.9819286972627084 0.18925124436040147 0
    outer loop
      vertex 60.01063653720461 13.534990704424565 4
      vertex 59.96205008162268 13.787081173871236 14.5
      vertex 60.01063653720461 13.534990704424565 14.518384862278708
    endloop
  endfacet
  facet normal 0.9819286972627065 0.18925124436041105 -2.393145923537821e-16
    outer loop
      vertex 60.01063653720461 13.534990704424565 4
      vertex 59.859620220853124 14.318537757346618 14.5
      vertex 59.96205008162268 13.787081173871236 14.5
    endloop
  endfacet
  facet normal 0.9819286972627098 0.1892512443603936 0
    outer loop
      vertex 59.82354600261996 14.505708574818248 4
      vertex 59.82354600261996 14.505708574818248 14.519698893561516
      vertex 59.859620220853124 14.318537757346618 14.5
    endloop
  endfacet
  facet normal 1 0 0
    outer loop
      vertex 59.82354600261996 14.505708574818248 4
      vertex 59.82354600261996 14.730867958532912 14.5
      vertex 59.82354600261996 14.505708574818248 14.519698893561516
    endloop
  endfacet
  facet normal 1 0 0
    outer loop
      vertex 59.82354600261996 14.505708574818248 4
      vertex 59.82354600261996 15.269132041467088 14.5
      vertex 59.82354600261996 14.730867958532912 14.5
    endloop
  endfacet
  facet normal 0 0 1
    outer loop
      vertex 60.9125239073375 11.785573271652853 4
      vertex 61.594724183484516 11.070102213357856 4
      vertex 61.594724183484516 18.929897786642144 4
    endloop
  endfacet
  facet normal 0 0 1
    outer loop
      vertex 61.594724183484516 11.070102213357856 4
      vertex 62.4 10.496667900320919 4
      vertex 62.4 19.50333209967908 4
    endloop
  endfacet
  facet normal 0 0 1
    outer loop
      vertex 60.01063653720461 13.534990704424565 4
      vertex 60.3780556669944 12.617222087017465 4
      vertex 60.3780556669944 17.382777912982533 4
    endloop
  endfacet
  facet normal 0 0 1
    outer loop
      vertex 60.9125239073375 11.785573271652853 4
      vertex 60.9125239073375 18.21442672834715 4
      vertex 60.3780556669944 12.617222087017465 4
    endloop
  endfacet
  facet normal 0 0 1
    outer loop
      vertex 62.4 10.496667900320919 4
      vertex 63.299246590749405 10.085995742683725 4
      vertex 63.299246590749405 19.914004257316275 4
    endloop
  endfacet
  facet normal 0 0 1
    outer loop
      vertex 63.299246590749405 10.085995742683725 4
      vertex 64.25996284097891 9.85292850221915 4
      vertex 64.25996284097891 20.14707149778085 4
    endloop
  endfacet
  facet normal 0 0 1
    outer loop
      vertex 64.25996284097891 9.85292850221915 4
      vertex 65.24742596228346 9.805889836248358 4
      vertex 65.24742596228346 20.194110163751642 4
    endloop
  endfacet
  facet normal 0 0 1
    outer loop
      vertex 65.24742596228346 9.805889836248358 4
      vertex 66.22594646464901 9.946579844717583 4
      vertex 66.22594646464901 20.053420155282417 4
    endloop
  endfacet
  facet normal 0 0 1
    outer loop
      vertex 66.22594646464901 9.946579844717583 4
      vertex 67.16015806760981 10.269913624156505 4
      vertex 67.16015806760981 19.730086375843495 4
    endloop
  endfacet
  facet normal 0 0 1
    outer loop
      vertex 67.16015806760981 10.269913624156505 4
      vertex 68.01629592977022 10.764205049338253 4
      vertex 68.01629592977022 19.235794950661745 4
    endloop
  endfacet
  facet normal 0 0 1
    outer loop
      vertex 68.01629592977022 10.764205049338253 4
      vertex 68.76341699814637 11.411589140293017 4
      vertex 68.76341699814637 18.588410859706983 4
    endloop
  endfacet
  facet normal 0 0 1
    outer loop
      vertex 68.76341699814637 11.411589140293017 4
      vertex 69.37451837072214 12.188667749230891 4
      vertex 69.37451837072214 17.81133225076911 4
    endloop
  endfacet
  facet normal 0 0 1
    outer loop
      vertex 69.37451837072214 12.188667749230891 4
      vertex 69.82751325168357 13.067355230566298 4
      vertex 69.82751325168357 16.932644769433704 4
    endloop
  endfacet
  facet normal 0 0 1
    outer loop
      vertex 69.82751325168357 13.067355230566298 4
      vertex 70.10602922576608 14.015893529325865 4
      vertex 70.10602922576608 15.984106470674133 4
    endloop
  endfacet
  facet normal 0.5800569095711977 0.814575952050336 0
    outer loop
      vertex 61.594724183484516 11.070102213357856 4
      vertex 62.4 10.496667900320919 14.5
      vertex 62.4 10.496667900320919 4
    endloop
  endfacet
  facet normal 0.4154150130018857 0.9096319953545187 6.417399985194862e-17
    outer loop
      vertex 62.4 10.496667900320919 4
      vertex 63.26338041120107 10.10237527805571 14.5
      vertex 63.299246590749405 10.085995742683725 4
    endloop
  endfacet
  facet normal 0.047581915823742986 0.998867339183008 0
    outer loop
      vertex 64.25996284097891 9.85292850221915 4
      vertex 65.24742596228346 9.805889836248358 14.515757130513439
      vertex 65.24742596228346 9.805889836248358 4
    endloop
  endfacet
  facet normal 0.23575893550942773 0.9718115683235414 0
    outer loop
      vertex 63.299246590749405 10.085995742683725 4
      vertex 64.25996284097891 9.85292850221915 14.511816359783127
      vertex 64.25996284097891 9.85292850221915 4
    endloop
  endfacet
  facet normal -0.142314838273286 0.9898214418809327 0
    outer loop
      vertex 65.24742596228346 9.805889836248358 4
      vertex 66.22594646464901 9.946579844717583 14.518384862278706
      vertex 66.22594646464901 9.946579844717583 4
    endloop
  endfacet
  facet normal -0.3270679633174184 0.9450008187146697 0
    outer loop
      vertex 66.22594646464901 9.946579844717583 4
      vertex 67.16015806760981 10.269913624156505 14.519698893561515
      vertex 67.16015806760981 10.269913624156505 4
    endloop
  endfacet
  facet normal -0.5000000000000039 0.8660254037844365 0
    outer loop
      vertex 67.16015806760981 10.269913624156505 4
      vertex 68.01629592977022 10.764205049338253 14.519698893561516
      vertex 68.01629592977022 10.764205049338253 4
    endloop
  endfacet
  facet normal -0.65486073394528 0.7557495743542627 0
    outer loop
      vertex 68.01629592977022 10.764205049338253 4
      vertex 68.76341699814637 11.411589140293017 14.518384862278706
      vertex 68.76341699814637 11.411589140293017 4
    endloop
  endfacet
  facet normal 0.5800569095711989 0.8145759520503353 -1.3402790179982408e-16
    outer loop
      vertex 61.594724183484516 11.070102213357856 4
      vertex 61.62684236699302 11.047230958418293 14.5
      vertex 62.4 10.496667900320919 14.5
    endloop
  endfacet
  facet normal 0.7237340381050708 0.6900790114821115 0
    outer loop
      vertex 61.594724183484516 11.070102213357856 4
      vertex 61.405120669050085 11.268952656361224 14.5
      vertex 61.594724183484516 11.070102213357856 14.506563542155734
    endloop
  endfacet
  facet normal 0.5800569095711698 0.8145759520503559 0
    outer loop
      vertex 61.594724183484516 11.070102213357856 4
      vertex 61.594724183484516 11.070102213357856 14.506563542155734
      vertex 61.62684236699302 11.047230958418293 14.5
    endloop
  endfacet
  facet normal 0.23575893550942725 0.9718115683235418 0
    outer loop
      vertex 63.299246590749405 10.085995742683725 4
      vertex 63.299246590749405 10.085995742683725 14.506563542155732
      vertex 63.5662578831613 10.021219504038388 14.5
    endloop
  endfacet
  facet normal 0.23575893550942567 0.9718115683235422 4.2639603969769615e-17
    outer loop
      vertex 63.299246590749405 10.085995742683725 4
      vertex 63.5662578831613 10.021219504038388 14.5
      vertex 64.18378169249452 9.871409848869048 14.5
    endloop
  endfacet
  facet normal 0.41541501300186934 0.9096319953545261 0
    outer loop
      vertex 63.299246590749405 10.085995742683725 4
      vertex 63.26338041120107 10.10237527805571 14.5
      vertex 63.299246590749405 10.085995742683725 14.506563542155732
    endloop
  endfacet
  facet normal 0.04758191582374347 0.998867339183008 -5.143093163814386e-17
    outer loop
      vertex 64.25996284097891 9.85292850221915 4
      vertex 64.55646301239325 9.83880445827003 14.5
      vertex 65.13081404901341 9.811444746318598 14.5
    endloop
  endfacet
  facet normal 0.047581915823744055 0.9988673391830079 -1.0304643136626907e-16
    outer loop
      vertex 64.25996284097891 9.85292850221915 4
      vertex 65.13081404901341 9.811444746318598 14.5
      vertex 65.24742596228346 9.805889836248358 14.515757130513439
    endloop
  endfacet
  facet normal 0.23575893550944682 0.971811568323537 -1.845021337168149e-15
    outer loop
      vertex 63.299246590749405 10.085995742683725 4
      vertex 64.18378169249452 9.871409848869048 14.5
      vertex 64.25996284097891 9.85292850221915 14.511816359783127
    endloop
  endfacet
  facet normal 0.04758191582374165 0.9988673391830081 0
    outer loop
      vertex 64.25996284097891 9.85292850221915 4
      vertex 64.25996284097891 9.85292850221915 14.511816359783127
      vertex 64.55646301239325 9.83880445827003 14.5
    endloop
  endfacet
  facet normal 0.41541501300188644 0.9096319953545184 0
    outer loop
      vertex 62.4 10.496667900320919 4
      vertex 62.4 10.496667900320919 14.5
      vertex 63.26338041120107 10.10237527805571 14.5
    endloop
  endfacet
  facet normal -0.1423148382732836 0.9898214418809328 0
    outer loop
      vertex 65.24742596228346 9.805889836248358 4
      vertex 65.24742596228346 9.805889836248358 14.515757130513439
      vertex 65.52735550493878 9.846137628330133 14.5
    endloop
  endfacet
  facet normal -0.14231483827328542 0.9898214418809327 4.912881745161527e-17
    outer loop
      vertex 65.24742596228346 9.805889836248358 4
      vertex 65.52735550493878 9.846137628330133 14.5
      vertex 66.07324577258122 9.924624799720222 14.5
    endloop
  endfacet
  facet normal -0.14231483827329264 0.9898214418809317 6.313958042931079e-16
    outer loop
      vertex 65.24742596228346 9.805889836248358 4
      vertex 66.07324577258122 9.924624799720222 14.5
      vertex 66.22594646464901 9.946579844717583 14.518384862278706
    endloop
  endfacet
  facet normal -0.3270679633174225 0.9450008187146681 0
    outer loop
      vertex 66.22594646464901 9.946579844717583 4
      vertex 66.22594646464901 9.946579844717583 14.518384862278706
      vertex 66.46855644303272 10.030547974627112 14.5
    endloop
  endfacet
  facet normal -0.32706796331741544 0.9450008187146707 -1.8314892271971448e-16
    outer loop
      vertex 66.22594646464901 9.946579844717583 4
      vertex 66.46855644303272 10.030547974627112 14.5
      vertex 66.98002627571572 10.20756940483228 14.5
    endloop
  endfacet
  facet normal -0.32706796331742144 0.9450008187146686 3.075032849536127e-16
    outer loop
      vertex 66.22594646464901 9.946579844717583 4
      vertex 66.98002627571572 10.20756940483228 14.5
      vertex 67.16015806760981 10.269913624156505 14.519698893561515
    endloop
  endfacet
  facet normal -0.5000000000000006 0.8660254037844384 0
    outer loop
      vertex 67.16015806760981 10.269913624156505 4
      vertex 67.16015806760981 10.269913624156505 14.519698893561515
      vertex 67.35515181380714 10.382493316013825 14.5
    endloop
  endfacet
  facet normal -0.4999999999999968 0.8660254037844406 -9.085258035424577e-17
    outer loop
      vertex 67.16015806760981 10.269913624156505 4
      vertex 67.35515181380714 10.382493316013825 14.5
      vertex 67.8213021835729 10.651625357480926 14.5
    endloop
  endfacet
  facet normal -0.5000000000000245 0.8660254037844246 2.2448941933892566e-15
    outer loop
      vertex 67.16015806760981 10.269913624156505 4
      vertex 67.8213021835729 10.651625357480926 14.5
      vertex 68.01629592977022 10.764205049338253 14.519698893561516
    endloop
  endfacet
  facet normal -0.6548607339452674 0.7557495743542735 0
    outer loop
      vertex 68.01629592977022 10.764205049338253 4
      vertex 68.01629592977022 10.764205049338253 14.519698893561516
      vertex 68.16035350343118 10.889031647485654 14.5
    endloop
  endfacet
  facet normal -0.6548607339452773 0.7557495743542649 2.368726067175142e-16
    outer loop
      vertex 68.01629592977022 10.764205049338253 4
      vertex 68.16035350343118 10.889031647485654 14.5
      vertex 68.56939347534458 11.243466800755884 14.5
    endloop
  endfacet
  facet normal -0.6548607339452949 0.7557495743542496 1.8626451070703916e-15
    outer loop
      vertex 68.01629592977022 10.764205049338253 4
      vertex 68.56939347534458 11.243466800755884 14.5
      vertex 68.76341699814637 11.411589140293017 14.518384862278706
    endloop
  endfacet
  facet normal 0.7237340381050693 0.6900790114821128 -6.350552068682397e-17
    outer loop
      vertex 60.9125239073375 11.785573271652853 4
      vertex 60.96661979727466 11.728839135100836 14.5
      vertex 61.594724183484516 11.070102213357856 4
    endloop
  endfacet
  facet normal 0.8412535328311833 0.5406408174555942 -1.0160883309891883e-16
    outer loop
      vertex 60.9125239073375 11.785573271652853 4
      vertex 60.3780556669944 12.617222087017465 4
      vertex 60.44117231686599 12.519010662776818 14.5
    endloop
  endfacet
  facet normal 0.9283679330160716 0.3716624556603303 2.299568328028152e-16
    outer loop
      vertex 60.01063653720461 13.534990704424565 4
      vertex 60.06797325652957 13.391770503419695 14.5
      vertex 60.3780556669944 12.617222087017465 4
    endloop
  endfacet
  facet normal -0.7860530947427884 0.6181589862206038 -6.243595402262509e-16
    outer loop
      vertex 68.76341699814637 11.411589140293017 4
      vertex 68.85878097088921 11.53285429630053 14.5
      vertex 69.37451837072214 12.188667749230891 4
    endloop
  endfacet
  facet normal -0.8888354486549275 0.45822652172740264 -6.083160402632635e-17
    outer loop
      vertex 69.37451837072214 12.188667749230891 4
      vertex 69.4280136341206 12.292434083541787 14.5
      vertex 69.82751325168357 13.067355230566298 4
    endloop
  endfacet
  facet normal -0.9594929736144938 0.2817325568414417 9.074604666564589e-16
    outer loop
      vertex 69.82751325168357 13.067355230566298 4
      vertex 69.84959851023082 13.1425707137682 14.5
      vertex 70.10602922576608 14.015893529325865 4
    endloop
  endfacet
  facet normal 0.7237340381050634 0.6900790114821189 0
    outer loop
      vertex 60.9125239073375 11.785573271652853 4
      vertex 60.9125239073375 11.785573271652853 14.511816359783127
      vertex 60.96661979727466 11.728839135100836 14.5
    endloop
  endfacet
  facet normal 0.8412535328311844 0.5406408174555927 0
    outer loop
      vertex 60.9125239073375 11.785573271652853 4
      vertex 60.75204204076623 12.03528793034955 14.5
      vertex 60.9125239073375 11.785573271652853 14.511816359783127
    endloop
  endfacet
  facet normal 0.8412535328311838 0.5406408174555936 -3.218024772889458e-17
    outer loop
      vertex 60.9125239073375 11.785573271652853 4
      vertex 60.44117231686599 12.519010662776818 14.5
      vertex 60.75204204076623 12.03528793034955 14.5
    endloop
  endfacet
  facet normal 0.7237340381050695 0.6900790114821127 -4.367959431049796e-17
    outer loop
      vertex 61.594724183484516 11.070102213357856 4
      vertex 60.96661979727466 11.728839135100836 14.5
      vertex 61.405120669050085 11.268952656361224 14.5
    endloop
  endfacet
  facet normal 0.8412535328311784 0.5406408174556019 0
    outer loop
      vertex 60.3780556669944 12.617222087017465 4
      vertex 60.3780556669944 12.617222087017465 14.515757130513435
      vertex 60.44117231686599 12.519010662776818 14.5
    endloop
  endfacet
  facet normal 0.9283679330160753 0.37166245566032086 0
    outer loop
      vertex 60.3780556669944 12.617222087017465 4
      vertex 60.2729465060558 12.879772078267594 14.5
      vertex 60.3780556669944 12.617222087017465 14.515757130513435
    endloop
  endfacet
  facet normal 0.928367933016068 0.3716624556603391 -5.296326174051934e-16
    outer loop
      vertex 60.3780556669944 12.617222087017465 4
      vertex 60.06797325652957 13.391770503419695 14.5
      vertex 60.2729465060558 12.879772078267594 14.5
    endloop
  endfacet
  facet normal 0.9283679330160772 0.3716624556603157 0
    outer loop
      vertex 60.01063653720461 13.534990704424565 4
      vertex 60.01063653720461 13.534990704424565 14.518384862278708
      vertex 60.06797325652957 13.391770503419695 14.5
    endloop
  endfacet
  facet normal -0.7860530947428147 0.6181589862205706 0
    outer loop
      vertex 68.76341699814637 11.411589140293017 4
      vertex 68.76341699814637 11.411589140293017 14.518384862278706
      vertex 68.85878097088921 11.53285429630053 14.5
    endloop
  endfacet
  facet normal -0.7860530947427805 0.6181589862206142 4.0261665033519655e-16
    outer loop
      vertex 69.37451837072214 12.188667749230891 4
      vertex 68.85878097088921 11.53285429630053 14.5
      vertex 69.19969798900543 11.966365550062507 14.5
    endloop
  endfacet
  facet normal -0.7860530947427898 0.6181589862206024 0
    outer loop
      vertex 69.37451837072214 12.188667749230891 4
      vertex 69.19969798900543 11.966365550062507 14.5
      vertex 69.37451837072214 12.188667749230891 14.515757130513439
    endloop
  endfacet
  facet normal -0.88883544865493 0.45822652172739775 0
    outer loop
      vertex 69.37451837072214 12.188667749230891 4
      vertex 69.37451837072214 12.188667749230891 14.515757130513439
      vertex 69.4280136341206 12.292434083541787 14.5
    endloop
  endfacet
  facet normal -0.8888354486549299 0.4582265217273979 -4.987938397978448e-16
    outer loop
      vertex 69.82751325168357 13.067355230566298 4
      vertex 69.4280136341206 12.292434083541787 14.5
      vertex 69.69149494684052 12.80351652792051 14.5
    endloop
  endfacet
  facet normal -0.8888354486549218 0.4582265217274136 0
    outer loop
      vertex 69.82751325168357 13.067355230566298 4
      vertex 69.69149494684052 12.80351652792051 14.5
      vertex 69.82751325168357 13.067355230566298 14.511816359783126
    endloop
  endfacet
  facet normal -0.9594929736144596 0.28173255684155835 0
    outer loop
      vertex 69.82751325168357 13.067355230566298 4
      vertex 69.82751325168357 13.067355230566298 14.511816359783126
      vertex 69.84959851023082 13.1425707137682 14.5
    endloop
  endfacet
  facet normal -0.9594929736145009 0.2817325568414176 -1.2708681963674184e-15
    outer loop
      vertex 70.10602922576608 14.015893529325865 4
      vertex 69.84959851023082 13.1425707137682 14.5
      vertex 70.02862144778857 13.752266847677113 14.5
    endloop
  endfacet
  facet normal -0.9954719225730848 0.09505604330418108 0
    outer loop
      vertex 70.10602922576608 14.015893529325865 4
      vertex 70.2 15 14.5
      vertex 70.2 15 4
    endloop
  endfacet
  facet normal -0.9594929736144872 0.2817325568414642 0
    outer loop
      vertex 70.10602922576608 14.015893529325865 4
      vertex 70.02862144778857 13.752266847677113 14.5
      vertex 70.10602922576608 14.015893529325865 14.506563542155735
    endloop
  endfacet
  facet normal -0.9954719225730733 0.095056043304301 0
    outer loop
      vertex 70.10602922576608 14.015893529325865 4
      vertex 70.10602922576608 14.015893529325865 14.506563542155735
      vertex 70.10977722180593 14.055144319637431 14.5
    endloop
  endfacet
  facet normal -0.9954719225730851 0.09505604330417608 4.711864028209455e-16
    outer loop
      vertex 70.10602922576608 14.015893529325865 4
      vertex 70.10977722180593 14.055144319637431 14.5
      vertex 70.2 15 14.5
    endloop
  endfacet
  facet normal 0 0 1
    outer loop
      vertex 59.82354600261996 14.505708574818248 4
      vertex 60.01063653720461 16.465009295575435 4
      vertex 59.82354600261996 15.494291425181752 4
    endloop
  endfacet
  facet normal 1 0 0
    outer loop
      vertex 59.82354600261996 14.505708574818248 4
      vertex 59.82354600261996 15.494291425181752 4
      vertex 59.82354600261996 15.269132041467088 14.5
    endloop
  endfacet
  facet normal 0.9819286972627077 -0.1892512443604052 -9.358708311742519e-17
    outer loop
      vertex 59.82354600261996 15.494291425181752 4
      vertex 60.01063653720461 16.465009295575435 4
      vertex 59.96205008162268 16.212918826128764 14.5
    endloop
  endfacet
  facet normal 1 0 0
    outer loop
      vertex 59.82354600261996 15.494291425181752 4
      vertex 59.82354600261996 15.494291425181752 14.519698893561516
      vertex 59.82354600261996 15.269132041467088 14.5
    endloop
  endfacet
  facet normal 0.9819286972627098 -0.1892512443603936 0
    outer loop
      vertex 59.82354600261996 15.494291425181752 4
      vertex 59.859620220853124 15.681462242653382 14.5
      vertex 59.82354600261996 15.494291425181752 14.519698893561516
    endloop
  endfacet
  facet normal 0.9819286972627065 -0.18925124436041105 3.229526003957927e-16
    outer loop
      vertex 59.82354600261996 15.494291425181752 4
      vertex 59.96205008162268 16.212918826128764 14.5
      vertex 59.859620220853124 15.681462242653382 14.5
    endloop
  endfacet
  facet normal 0.9819286972627084 -0.18925124436040147 0
    outer loop
      vertex 60.01063653720461 16.465009295575435 4
      vertex 60.01063653720461 16.465009295575435 14.518384862278708
      vertex 59.96205008162268 16.212918826128764 14.5
    endloop
  endfacet
  facet normal 0 0 1
    outer loop
      vertex 60.01063653720461 13.534990704424565 4
      vertex 60.3780556669944 17.382777912982533 4
      vertex 60.01063653720461 16.465009295575435 4
    endloop
  endfacet
  facet normal 0 0 1
    outer loop
      vertex 60.3780556669944 12.617222087017465 4
      vertex 60.9125239073375 18.21442672834715 4
      vertex 60.3780556669944 17.382777912982533 4
    endloop
  endfacet
  facet normal 0 0 1
    outer loop
      vertex 60.9125239073375 11.785573271652853 4
      vertex 61.594724183484516 18.929897786642144 4
      vertex 60.9125239073375 18.21442672834715 4
    endloop
  endfacet
  facet normal 0 0 1
    outer loop
      vertex 61.594724183484516 11.070102213357856 4
      vertex 62.4 19.50333209967908 4
      vertex 61.594724183484516 18.929897786642144 4
    endloop
  endfacet
  facet normal 0 0 1
    outer loop
      vertex 62.4 10.496667900320919 4
      vertex 63.299246590749405 19.914004257316275 4
      vertex 62.4 19.50333209967908 4
    endloop
  endfacet
  facet normal 0 0 1
    outer loop
      vertex 63.299246590749405 10.085995742683725 4
      vertex 64.25996284097891 20.14707149778085 4
      vertex 63.299246590749405 19.914004257316275 4
    endloop
  endfacet
  facet normal 0 0 1
    outer loop
      vertex 64.25996284097891 9.85292850221915 4
      vertex 65.24742596228346 20.194110163751642 4
      vertex 64.25996284097891 20.14707149778085 4
    endloop
  endfacet
  facet normal 0 0 1
    outer loop
      vertex 65.24742596228346 9.805889836248358 4
      vertex 66.22594646464901 20.053420155282417 4
      vertex 65.24742596228346 20.194110163751642 4
    endloop
  endfacet
  facet normal 0 0 1
    outer loop
      vertex 66.22594646464901 9.946579844717583 4
      vertex 67.16015806760981 19.730086375843495 4
      vertex 66.22594646464901 20.053420155282417 4
    endloop
  endfacet
  facet normal 0 0 1
    outer loop
      vertex 67.16015806760981 10.269913624156505 4
      vertex 68.01629592977022 19.235794950661745 4
      vertex 67.16015806760981 19.730086375843495 4
    endloop
  endfacet
  facet normal 0 0 1
    outer loop
      vertex 69.82751325168357 13.067355230566298 4
      vertex 70.10602922576608 15.984106470674133 4
      vertex 69.82751325168357 16.932644769433704 4
    endloop
  endfacet
  facet normal 0 0 1
    outer loop
      vertex 68.76341699814637 11.411589140293017 4
      vertex 69.37451837072214 17.81133225076911 4
      vertex 68.76341699814637 18.588410859706983 4
    endloop
  endfacet
  facet normal 0 0 1
    outer loop
      vertex 69.37451837072214 12.188667749230891 4
      vertex 69.82751325168357 16.932644769433704 4
      vertex 69.37451837072214 17.81133225076911 4
    endloop
  endfacet
  facet normal 0 0 1
    outer loop
      vertex 68.01629592977022 10.764205049338253 4
      vertex 68.76341699814637 18.588410859706983 4
      vertex 68.01629592977022 19.235794950661745 4
    endloop
  endfacet
  facet normal 0 0 1
    outer loop
      vertex 70.10602922576608 14.015893529325865 4
      vertex 70.2 15 4
      vertex 70.10602922576608 15.984106470674133 4
    endloop
  endfacet
  facet normal 0.9283679330160713 -0.37166245566033085 -1.6578283295086703e-16
    outer loop
      vertex 60.01063653720461 16.465009295575435 4
      vertex 60.3780556669944 17.382777912982533 4
      vertex 60.27294650605581 17.120227921732425 14.5
    endloop
  endfacet
  facet normal 0.8412535328311844 -0.5406408174555926 -1.1230449974090993e-16
    outer loop
      vertex 60.3780556669944 17.382777912982533 4
      vertex 60.9125239073375 18.21442672834715 4
      vertex 60.752042040766234 17.96471206965046 14.5
    endloop
  endfacet
  facet normal 0.7237340381050685 -0.6900790114821138 3.7434833246969967e-17
    outer loop
      vertex 60.9125239073375 18.21442672834715 4
      vertex 61.594724183484516 18.929897786642144 4
      vertex 61.405120669050085 18.731047343638778 14.5
    endloop
  endfacet
  facet normal -0.9594929736144941 -0.2817325568414407 3.2488087425048802e-16
    outer loop
      vertex 70.10602922576608 15.984106470674133 4
      vertex 70.02862144778858 16.247733152322873 14.5
      vertex 69.82751325168357 16.932644769433704 4
    endloop
  endfacet
  facet normal -0.8888354486549271 -0.45822652172740336 -1.6979370794161446e-16
    outer loop
      vertex 69.82751325168357 16.932644769433704 4
      vertex 69.69149494684052 17.196483472079496 14.5
      vertex 69.37451837072214 17.81133225076911 4
    endloop
  endfacet
  facet normal -0.7860530947427884 -0.6181589862206038 -4.65261498926628e-16
    outer loop
      vertex 69.37451837072214 17.81133225076911 4
      vertex 69.19969798900543 18.033634449937484 14.5
      vertex 68.76341699814637 18.588410859706983 4
    endloop
  endfacet
  facet normal 0.9283679330160757 -0.37166245566031963 0
    outer loop
      vertex 60.01063653720461 16.465009295575435 4
      vertex 60.06797325652957 16.608229496580304 14.5
      vertex 60.01063653720461 16.465009295575435 14.518384862278708
    endloop
  endfacet
  facet normal 0.9283679330160689 -0.3716624556603369 2.7200589174428516e-16
    outer loop
      vertex 60.01063653720461 16.465009295575435 4
      vertex 60.27294650605581 17.120227921732425 14.5
      vertex 60.06797325652957 16.608229496580304 14.5
    endloop
  endfacet
  facet normal 0.9283679330160737 -0.3716624556603252 0
    outer loop
      vertex 60.3780556669944 17.382777912982533 4
      vertex 60.3780556669944 17.382777912982533 14.515757130513434
      vertex 60.27294650605581 17.120227921732425 14.5
    endloop
  endfacet
  facet normal 0.8412535328311928 -0.5406408174555796 0
    outer loop
      vertex 60.3780556669944 17.382777912982533 4
      vertex 60.44117231686598 17.480989337223175 14.5
      vertex 60.3780556669944 17.382777912982533 14.515757130513434
    endloop
  endfacet
  facet normal 0.8412535328311815 -0.5406408174555969 2.2985891234923793e-16
    outer loop
      vertex 60.3780556669944 17.382777912982533 4
      vertex 60.752042040766234 17.96471206965046 14.5
      vertex 60.44117231686598 17.480989337223175 14.5
    endloop
  endfacet
  facet normal 0.8412535328311865 -0.5406408174555893 0
    outer loop
      vertex 60.9125239073375 18.21442672834715 4
      vertex 60.9125239073375 18.21442672834715 14.511816359783127
      vertex 60.752042040766234 17.96471206965046 14.5
    endloop
  endfacet
  facet normal 0.7237340381050613 -0.6900790114821213 0
    outer loop
      vertex 60.9125239073375 18.21442672834715 4
      vertex 60.96661979727467 18.271160864899173 14.5
      vertex 60.9125239073375 18.21442672834715 14.511816359783127
    endloop
  endfacet
  facet normal 0.7237340381050698 -0.6900790114821125 -9.099915481353885e-17
    outer loop
      vertex 60.9125239073375 18.21442672834715 4
      vertex 61.405120669050085 18.731047343638778 14.5
      vertex 60.96661979727467 18.271160864899173 14.5
    endloop
  endfacet
  facet normal -0.9594929736144965 -0.2817325568414329 8.808718185950706e-16
    outer loop
      vertex 69.82751325168357 16.932644769433704 4
      vertex 70.02862144778858 16.247733152322873 14.5
      vertex 69.84959851023082 16.8574292862318 14.5
    endloop
  endfacet
  facet normal -0.9594929736144633 -0.28173255684154613 0
    outer loop
      vertex 69.82751325168357 16.932644769433704 4
      vertex 69.84959851023082 16.8574292862318 14.5
      vertex 69.82751325168357 16.932644769433704 14.511816359783126
    endloop
  endfacet
  facet normal -0.8888354486549243 -0.4582265217274087 0
    outer loop
      vertex 69.82751325168357 16.932644769433704 4
      vertex 69.82751325168357 16.932644769433704 14.511816359783126
      vertex 69.69149494684052 17.196483472079496 14.5
    endloop
  endfacet
  facet normal -0.8888354486549299 -0.4582265217273979 2.2985891234923724e-16
    outer loop
      vertex 69.37451837072214 17.81133225076911 4
      vertex 69.69149494684052 17.196483472079496 14.5
      vertex 69.4280136341206 17.70756591645822 14.5
    endloop
  endfacet
  facet normal -0.8888354486549203 -0.4582265217274164 0
    outer loop
      vertex 69.37451837072214 17.81133225076911 4
      vertex 69.4280136341206 17.70756591645822 14.5
      vertex 69.37451837072214 17.81133225076911 14.515757130513437
    endloop
  endfacet
  facet normal -0.654860733945291 -0.7557495743542532 0
    outer loop
      vertex 68.76341699814637 18.588410859706983 4
      vertex 68.76341699814637 18.588410859706983 14.518384862278706
      vertex 68.56939347534458 18.756533199244114 14.5
    endloop
  endfacet
  facet normal -0.7860530947427777 -0.6181589862206176 0
    outer loop
      vertex 69.37451837072214 17.81133225076911 4
      vertex 69.37451837072214 17.81133225076911 14.515757130513437
      vertex 69.19969798900543 18.033634449937484 14.5
    endloop
  endfacet
  facet normal -0.786053094742788 -0.6181589862206047 -5.34425672766354e-16
    outer loop
      vertex 68.76341699814637 18.588410859706983 4
      vertex 69.19969798900543 18.033634449937484 14.5
      vertex 68.85878097088921 18.467145703699472 14.5
    endloop
  endfacet
  facet normal -0.7860530947428103 -0.6181589862205762 0
    outer loop
      vertex 68.76341699814637 18.588410859706983 4
      vertex 68.85878097088921 18.467145703699472 14.5
      vertex 68.76341699814637 18.588410859706983 14.518384862278706
    endloop
  endfacet
  facet normal 0.5800569095711977 -0.814575952050336 -4.0442989490030057e-16
    outer loop
      vertex 61.594724183484516 18.929897786642144 4
      vertex 62.4 19.50333209967908 4
      vertex 61.62684236699302 18.952769041581703 14.5
    endloop
  endfacet
  facet normal 0.4154150130018857 -0.9096319953545187 0
    outer loop
      vertex 62.4 19.50333209967908 4
      vertex 63.299246590749405 19.914004257316275 4
      vertex 62.4 19.50333209967908 14.5
    endloop
  endfacet
  facet normal 0.23575893550942778 -0.9718115683235415 0
    outer loop
      vertex 63.299246590749405 19.914004257316275 4
      vertex 64.25996284097891 20.14707149778085 4
      vertex 63.299246590749405 19.914004257316275 14.50656354215573
    endloop
  endfacet
  facet normal 0.047581915823742986 -0.998867339183008 0
    outer loop
      vertex 64.25996284097891 20.14707149778085 4
      vertex 65.24742596228346 20.194110163751642 4
      vertex 64.25996284097891 20.14707149778085 14.51181635978313
    endloop
  endfacet
  facet normal -0.5000000000000053 -0.8660254037844357 0
    outer loop
      vertex 67.16015806760981 19.730086375843495 4
      vertex 68.01629592977022 19.235794950661745 4
      vertex 67.16015806760981 19.730086375843495 14.519698893561516
    endloop
  endfacet
  facet normal -0.142314838273286 -0.9898214418809325 0
    outer loop
      vertex 65.24742596228346 20.194110163751642 4
      vertex 66.22594646464901 20.053420155282417 4
      vertex 65.24742596228346 20.194110163751642 14.515757130513439
    endloop
  endfacet
  facet normal -0.32706796331741844 -0.9450008187146697 0
    outer loop
      vertex 66.22594646464901 20.053420155282417 4
      vertex 67.16015806760981 19.730086375843495 4
      vertex 66.22594646464901 20.053420155282417 14.518384862278708
    endloop
  endfacet
  facet normal -0.654860733945279 -0.7557495743542635 0
    outer loop
      vertex 68.01629592977022 19.235794950661745 4
      vertex 68.76341699814637 18.588410859706983 4
      vertex 68.01629592977022 19.235794950661745 14.519698893561515
    endloop
  endfacet
  facet normal 0.7237340381050675 -0.6900790114821147 0
    outer loop
      vertex 61.594724183484516 18.929897786642144 4
      vertex 61.594724183484516 18.929897786642144 14.506563542155732
      vertex 61.405120669050085 18.731047343638778 14.5
    endloop
  endfacet
  facet normal 0.58005690957111 -0.8145759520503986 0
    outer loop
      vertex 61.594724183484516 18.929897786642144 4
      vertex 61.62684236699302 18.952769041581703 14.5
      vertex 61.594724183484516 18.929897786642144 14.506563542155732
    endloop
  endfacet
  facet normal 0.5800569095712014 -0.8145759520503335 0
    outer loop
      vertex 62.4 19.50333209967908 4
      vertex 62.4 19.50333209967908 14.5
      vertex 61.62684236699302 18.952769041581703 14.5
    endloop
  endfacet
  facet normal 0.41541501300188355 -0.9096319953545196 -2.2245150454567885e-16
    outer loop
      vertex 63.299246590749405 19.914004257316275 4
      vertex 63.26338041120108 19.89762472194429 14.5
      vertex 62.4 19.50333209967908 14.5
    endloop
  endfacet
  facet normal 0.4154150130019374 -0.909631995354495 0
    outer loop
      vertex 63.299246590749405 19.914004257316275 4
      vertex 63.299246590749405 19.914004257316275 14.50656354215573
      vertex 63.26338041120108 19.89762472194429 14.5
    endloop
  endfacet
  facet normal 0.23575893550942614 -0.9718115683235419 -1.5418397518524803e-16
    outer loop
      vertex 64.25996284097891 20.14707149778085 4
      vertex 63.566257883161256 19.9787804959616 14.5
      vertex 63.299246590749405 19.914004257316275 14.50656354215573
    endloop
  endfacet
  facet normal 0.23575893550942859 -0.9718115683235413 1.507985994052757e-17
    outer loop
      vertex 64.25996284097891 20.14707149778085 4
      vertex 64.1837816924945 20.12859015113095 14.5
      vertex 63.566257883161256 19.9787804959616 14.5
    endloop
  endfacet
  facet normal 0.23575893550942661 -0.9718115683235419 0
    outer loop
      vertex 64.25996284097891 20.14707149778085 4
      vertex 64.25996284097891 20.14707149778085 14.51181635978313
      vertex 64.1837816924945 20.12859015113095 14.5
    endloop
  endfacet
  facet normal 0.04758191582373707 -0.9988673391830082 -5.569225697476383e-16
    outer loop
      vertex 64.25996284097891 20.14707149778085 14.51181635978313
      vertex 65.24742596228346 20.194110163751642 4
      vertex 64.55646301239328 20.16119554172997 14.5
    endloop
  endfacet
  facet normal 0.047581915823742736 -0.9988673391830079 -1.83312482598533e-16
    outer loop
      vertex 64.55646301239328 20.16119554172997 14.5
      vertex 65.24742596228346 20.194110163751642 4
      vertex 65.13081404901341 20.1885552536814 14.5
    endloop
  endfacet
  facet normal -0.14231483827328176 -0.9898214418809332 4.081199677172992e-16
    outer loop
      vertex 66.22594646464901 20.053420155282417 4
      vertex 65.52735550493881 20.153862371669863 14.5
      vertex 65.24742596228346 20.194110163751642 14.515757130513439
    endloop
  endfacet
  facet normal -0.14231483827328054 -0.9898214418809335 4.891912127956956e-16
    outer loop
      vertex 66.22594646464901 20.053420155282417 4
      vertex 66.0732457725812 20.075375200279783 14.5
      vertex 65.52735550493881 20.153862371669863 14.5
    endloop
  endfacet
  facet normal -0.14231483827331348 -0.9898214418809287 0
    outer loop
      vertex 66.22594646464901 20.053420155282417 4
      vertex 66.22594646464901 20.053420155282417 14.518384862278708
      vertex 66.0732457725812 20.075375200279783 14.5
    endloop
  endfacet
  facet normal 0.047581915823759195 -0.9988673391830072 0
    outer loop
      vertex 65.24742596228346 20.194110163751642 4
      vertex 65.24742596228346 20.194110163751642 14.515757130513439
      vertex 65.13081404901341 20.1885552536814 14.5
    endloop
  endfacet
  facet normal -0.3270679633174129 -0.9450008187146715 5.484455037484644e-16
    outer loop
      vertex 67.16015806760981 19.730086375843495 4
      vertex 66.46855644303275 19.96945202537288 14.5
      vertex 66.22594646464901 20.053420155282417 14.518384862278708
    endloop
  endfacet
  facet normal -0.3270679633174192 -0.9450008187146693 8.058552599668097e-17
    outer loop
      vertex 67.16015806760981 19.730086375843495 4
      vertex 66.9800262757157 19.792430595167726 14.5
      vertex 66.46855644303275 19.96945202537288 14.5
    endloop
  endfacet
  facet normal -0.32706796331742344 -0.9450008187146679 0
    outer loop
      vertex 67.16015806760981 19.730086375843495 4
      vertex 67.16015806760981 19.730086375843495 14.519698893561516
      vertex 66.9800262757157 19.792430595167726 14.5
    endloop
  endfacet
  facet normal -0.6548607339452723 -0.7557495743542691 8.1069047851404e-16
    outer loop
      vertex 68.76341699814637 18.588410859706983 4
      vertex 68.16035350343117 19.110968352514355 14.5
      vertex 68.01629592977022 19.235794950661745 14.519698893561515
    endloop
  endfacet
  facet normal -0.6548607339452757 -0.7557495743542665 4.957230841613795e-16
    outer loop
      vertex 68.76341699814637 18.588410859706983 4
      vertex 68.56939347534458 18.756533199244114 14.5
      vertex 68.16035350343117 19.110968352514355 14.5
    endloop
  endfacet
  facet normal -0.5000000000000077 -0.8660254037844343 -8.348615492011459e-17
    outer loop
      vertex 68.01629592977022 19.235794950661745 4
      vertex 67.82130218357291 19.348374642519058 14.5
      vertex 67.35515181380714 19.617506683986175 14.5
    endloop
  endfacet
  facet normal -0.5000000000000042 -0.8660254037844363 0
    outer loop
      vertex 68.01629592977022 19.235794950661745 4
      vertex 68.01629592977022 19.235794950661745 14.519698893561515
      vertex 67.82130218357291 19.348374642519058 14.5
    endloop
  endfacet
  facet normal -0.5000000000000003 -0.8660254037844384 4.962397690650014e-16
    outer loop
      vertex 68.01629592977022 19.235794950661745 4
      vertex 67.35515181380714 19.617506683986175 14.5
      vertex 67.16015806760981 19.730086375843495 14.519698893561516
    endloop
  endfacet
  facet normal -0.9954719225730848 -0.09505604330418124 4.839789155501119e-16
    outer loop
      vertex 70.2 15 4
      vertex 70.10977722180593 15.94485568036257 14.5
      vertex 70.10602922576608 15.984106470674133 4
    endloop
  endfacet
  facet normal -0.9954719225730851 -0.0950560433041759 0
    outer loop
      vertex 70.2 15 4
      vertex 70.2 15 14.5
      vertex 70.10977722180593 15.94485568036257 14.5
    endloop
  endfacet
  facet normal -0.9954719225730725 -0.09505604330430951 0
    outer loop
      vertex 70.10602922576608 15.984106470674133 4
      vertex 70.10977722180593 15.94485568036257 14.5
      vertex 70.10602922576608 15.984106470674133 14.506563542155734
    endloop
  endfacet
  facet normal -0.9594929736144977 -0.28173255684142884 0
    outer loop
      vertex 70.10602922576608 15.984106470674133 4
      vertex 70.10602922576608 15.984106470674133 14.506563542155734
      vertex 70.02862144778858 16.247733152322873 14.5
    endloop
  endfacet
  facet normal 0.6420768658177463 0.2994053596549771 0.705757556807955
    outer loop
      vertex 60.11359837191328 13.221495254706522 14.5
      vertex 59.64375206152032 13.050485183043689 15
      vertex 60.0636551984287 12.15 15
    endloop
  endfacet
  facet normal 0.6843134705748897 0.18336124181029678 0.7057575568079562
    outer loop
      vertex 60.06797325652957 13.391770503419695 14.5
      vertex 59.64375206152032 13.050485183043689 15
      vertex 60.11359837191328 13.221495254706522 14.5
    endloop
  endfacet
  facet normal 0.6843134705749038 0.1833612418102695 0.7057575568079495
    outer loop
      vertex 60.01063653720461 13.534990704424565 14.518384862278708
      vertex 59.64375206152032 13.050485183043689 15
      vertex 60.06797325652957 13.391770503419695 14.5
    endloop
  endfacet
  facet normal 0.6843134705748972 0.1833612418102786 0.7057575568079535
    outer loop
      vertex 60.01063653720461 13.534990704424565 14.518384862278708
      vertex 59.96205008162268 13.787081173871236 14.5
      vertex 59.64375206152032 13.050485183043689 15
    endloop
  endfacet
  facet normal 0.6843134705749 0.18336124181027733 0.7057575568079513
    outer loop
      vertex 59.87899968433652 14.097029476131961 14.5
      vertex 59.38659580783042 14.010205387298496 15
      vertex 59.64375206152032 13.050485183043689 15
    endloop
  endfacet
  facet normal 0.6843134705748958 0.1833612418102799 0.7057575568079546
    outer loop
      vertex 59.96205008162268 13.787081173871236 14.5
      vertex 59.87899968433652 14.097029476131961 14.5
      vertex 59.64375206152032 13.050485183043689 15
    endloop
  endfacet
  facet normal 0 0 1
    outer loop
      vertex 59.96205008162268 13.787081173871236 14.5
      vertex 59.859620220853124 14.318537757346618 14.5
      vertex 59.87899968433652 14.097029476131961 14.5
    endloop
  endfacet
  facet normal 0.7057575568079522 0.06174578541845387 0.7057575568079512
    outer loop
      vertex 59.87899968433652 14.097029476131961 14.5
      vertex 59.859620220853124 14.318537757346618 14.5
      vertex 59.38659580783042 14.010205387298496 15
    endloop
  endfacet
  facet normal 0.7057575568079578 0.061745785418438295 0.7057575568079468
    outer loop
      vertex 59.82354600261996 14.505708574818248 14.519698893561516
      vertex 59.38659580783042 14.010205387298496 15
      vertex 59.859620220853124 14.318537757346618 14.5
    endloop
  endfacet
  facet normal 0.7057575568079519 0.06174578541844829 0.7057575568079518
    outer loop
      vertex 59.82354600261996 14.505708574818248 14.519698893561516
      vertex 59.82354600261996 14.730867958532912 14.5
      vertex 59.38659580783042 14.010205387298496 15
    endloop
  endfacet
  facet normal 0.7057575568079375 0.06174578541846611 0.7057575568079648
    outer loop
      vertex 59.82354600261996 14.730867958532912 14.5
      vertex 59.8 15 14.5
      vertex 59.38659580783042 14.010205387298496 15
    endloop
  endfacet
  facet normal 0.7057575568079516 0.0617457854184535 0.7057575568079516
    outer loop
      vertex 59.8 15 14.5
      vertex 59.3 15 15
      vertex 59.38659580783042 14.010205387298496 15
    endloop
  endfacet
  facet normal 0.5009522287646143 0.5009522287646143 0.705757556807953
    outer loop
      vertex 61.01656889578132 11.657504429629995 14.5
      vertex 60.633546674221826 11.336110624786727 15
      vertex 61.33611062478673 10.633546674221826 15
    endloop
  endfacet
  facet normal 0.40635219715297693 0.5803310803993005 0.7057575568079515
    outer loop
      vertex 61.657504429629995 11.016568895781315 14.5
      vertex 61.33611062478673 10.633546674221826 15
      vertex 62.15 10.0636551984287 15
    endloop
  endfacet
  facet normal 0.406352197152977 0.5803310803993005 0.7057575568079516
    outer loop
      vertex 61.657504429629995 11.016568895781315 14.5
      vertex 62.15 10.0636551984287 15
      vertex 62.4 10.496667900320919 14.5
    endloop
  endfacet
  facet normal 0.5009522287646155 0.5009522287646155 0.7057575568079513
    outer loop
      vertex 61.657504429629995 11.016568895781315 14.5
      vertex 61.62684236699302 11.047230958418293 14.5
      vertex 61.33611062478673 10.633546674221826 15
    endloop
  endfacet
  facet normal 0.5009522287646089 0.5009522287646211 0.7057575568079519
    outer loop
      vertex 61.594724183484516 11.070102213357856 14.506563542155734
      vertex 61.33611062478673 10.633546674221826 15
      vertex 61.62684236699302 11.047230958418293 14.5
    endloop
  endfacet
  facet normal 0.5009522287646142 0.500952228764617 0.7057575568079512
    outer loop
      vertex 61.405120669050085 11.268952656361224 14.5
      vertex 61.33611062478673 10.633546674221826 15
      vertex 61.594724183484516 11.070102213357856 14.506563542155734
    endloop
  endfacet
  facet normal 0.5009522287646211 0.5009522287646142 0.7057575568079486
    outer loop
      vertex 61.405120669050085 11.268952656361224 14.5
      vertex 61.01656889578132 11.657504429629995 14.5
      vertex 61.33611062478673 10.633546674221826 15
    endloop
  endfacet
  facet normal 0 0 1
    outer loop
      vertex 61.657504429629995 11.016568895781315 14.5
      vertex 62.4 10.496667900320919 14.5
      vertex 61.62684236699302 11.047230958418293 14.5
    endloop
  endfacet
  facet normal 0.18336124181028152 0.6843134705748968 0.7057575568079533
    outer loop
      vertex 63.221495254706525 10.113598371913277 14.5
      vertex 63.05048518304369 9.64375206152032 15
      vertex 64.0102053872985 9.386595807830414 15
    endloop
  endfacet
  facet normal 0.18336124181028235 0.6843134705748976 0.7057575568079523
    outer loop
      vertex 63.299246590749405 10.085995742683725 14.506563542155732
      vertex 64.0102053872985 9.386595807830414 15
      vertex 63.5662578831613 10.021219504038388 14.5
    endloop
  endfacet
  facet normal 0.29940535965497656 0.6420768658177503 0.7057575568079516
    outer loop
      vertex 62.4 10.496667900320919 14.5
      vertex 62.15 10.0636551984287 15
      vertex 63.05048518304369 9.64375206152032 15
    endloop
  endfacet
  facet normal 0 0 1
    outer loop
      vertex 62.4 10.496667900320919 14.5
      vertex 63.221495254706525 10.113598371913277 14.5
      vertex 63.26338041120107 10.10237527805571 14.5
    endloop
  endfacet
  facet normal 0.29940535965497406 0.6420768658177495 0.7057575568079534
    outer loop
      vertex 62.4 10.496667900320919 14.5
      vertex 63.05048518304369 9.64375206152032 15
      vertex 63.221495254706525 10.113598371913277 14.5
    endloop
  endfacet
  facet normal 0.18336124181032207 0.6843134705749188 0.7057575568079214
    outer loop
      vertex 63.221495254706525 10.113598371913277 14.5
      vertex 64.0102053872985 9.386595807830414 15
      vertex 63.26338041120107 10.10237527805571 14.5
    endloop
  endfacet
  facet normal 0.1833612418102436 0.6843134705748785 0.7057575568079808
    outer loop
      vertex 63.299246590749405 10.085995742683725 14.506563542155732
      vertex 63.26338041120107 10.10237527805571 14.5
      vertex 64.0102053872985 9.386595807830414 15
    endloop
  endfacet
  facet normal 0.06174578541844853 0.7057575568079515 0.7057575568079523
    outer loop
      vertex 64.09702947613196 9.878999684336518 14.5
      vertex 64.0102053872985 9.386595807830414 15
      vertex 65 9.3 15
    endloop
  endfacet
  facet normal 0.1833612418102817 0.6843134705748974 0.7057575568079526
    outer loop
      vertex 63.5662578831613 10.021219504038388 14.5
      vertex 64.0102053872985 9.386595807830414 15
      vertex 64.09702947613196 9.878999684336518 14.5
    endloop
  endfacet
  facet normal 0 0 1
    outer loop
      vertex 64.55646301239325 9.83880445827003 14.5
      vertex 65 9.8 14.5
      vertex 65.13081404901341 9.811444746318598 14.5
    endloop
  endfacet
  facet normal 0.06174578541843915 0.705757556807944 0.7057575568079607
    outer loop
      vertex 64.09702947613196 9.878999684336518 14.5
      vertex 65 9.3 15
      vertex 64.18378169249452 9.871409848869048 14.5
    endloop
  endfacet
  facet normal 0.061745785418457336 0.7057575568079572 0.7057575568079458
    outer loop
      vertex 64.18378169249452 9.871409848869048 14.5
      vertex 65 9.3 15
      vertex 64.25996284097891 9.85292850221915 14.511816359783127
    endloop
  endfacet
  facet normal 0.06174578541844961 0.7057575568079519 0.7057575568079518
    outer loop
      vertex 64.25996284097891 9.85292850221915 14.511816359783127
      vertex 65 9.3 15
      vertex 64.55646301239325 9.83880445827003 14.5
    endloop
  endfacet
  facet normal 0.06174578541844933 0.7057575568079518 0.7057575568079518
    outer loop
      vertex 64.55646301239325 9.83880445827003 14.5
      vertex 65 9.3 15
      vertex 65 9.8 14.5
    endloop
  endfacet
  facet normal 0 0 1
    outer loop
      vertex 63.5662578831613 10.021219504038388 14.5
      vertex 64.09702947613196 9.878999684336518 14.5
      vertex 64.18378169249452 9.871409848869048 14.5
    endloop
  endfacet
  facet normal -0.0617457854184451 0.705757556807952 0.705757556807952
    outer loop
      vertex 65 9.8 14.5
      vertex 65 9.3 15
      vertex 65.13081404901341 9.811444746318598 14.5
    endloop
  endfacet
  facet normal -0.06174578541845943 0.7057575568079532 0.7057575568079496
    outer loop
      vertex 65.13081404901341 9.811444746318598 14.5
      vertex 65 9.3 15
      vertex 65.24742596228346 9.805889836248358 14.515757130513439
    endloop
  endfacet
  facet normal -0.0617457854184457 0.7057575568079504 0.7057575568079536
    outer loop
      vertex 65.24742596228346 9.805889836248358 14.515757130513439
      vertex 65 9.3 15
      vertex 65.52735550493878 9.846137628330133 14.5
    endloop
  endfacet
  facet normal -0.06174578541844925 0.705757556807952 0.7057575568079516
    outer loop
      vertex 65.52735550493878 9.846137628330133 14.5
      vertex 65 9.3 15
      vertex 65.90297052386804 9.878999684336518 14.5
    endloop
  endfacet
  facet normal -0.06174578541844853 0.7057575568079515 0.7057575568079523
    outer loop
      vertex 65.90297052386804 9.878999684336518 14.5
      vertex 65 9.3 15
      vertex 65.9897946127015 9.386595807830414 15
    endloop
  endfacet
  facet normal -0.1833612418102754 0.6843134705748989 0.7057575568079528
    outer loop
      vertex 65.90297052386804 9.878999684336518 14.5
      vertex 65.9897946127015 9.386595807830414 15
      vertex 66.07324577258122 9.924624799720222 14.5
    endloop
  endfacet
  facet normal -0.18336124181029367 0.6843134705748981 0.7057575568079489
    outer loop
      vertex 66.07324577258122 9.924624799720222 14.5
      vertex 65.9897946127015 9.386595807830414 15
      vertex 66.22594646464901 9.946579844717583 14.518384862278706
    endloop
  endfacet
  facet normal -0.18336124181028193 0.6843134705748968 0.7057575568079532
    outer loop
      vertex 66.22594646464901 9.946579844717583 14.518384862278706
      vertex 65.9897946127015 9.386595807830414 15
      vertex 66.46855644303272 10.030547974627112 14.5
    endloop
  endfacet
  facet normal 0 0 1
    outer loop
      vertex 65.52735550493878 9.846137628330133 14.5
      vertex 65.90297052386804 9.878999684336518 14.5
      vertex 66.07324577258122 9.924624799720222 14.5
    endloop
  endfacet
  facet normal -0.18336124181028107 0.6843134705748966 0.7057575568079536
    outer loop
      vertex 66.46855644303272 10.030547974627112 14.5
      vertex 65.9897946127015 9.386595807830414 15
      vertex 66.77850474529347 10.113598371913277 14.5
    endloop
  endfacet
  facet normal -0.18336124181028152 0.6843134705748968 0.7057575568079533
    outer loop
      vertex 66.77850474529347 10.113598371913277 14.5
      vertex 65.9897946127015 9.386595807830414 15
      vertex 66.94951481695631 9.64375206152032 15
    endloop
  endfacet
  facet normal 0 0 1
    outer loop
      vertex 66.46855644303272 10.030547974627112 14.5
      vertex 66.77850474529347 10.113598371913277 14.5
      vertex 66.98002627571572 10.20756940483228 14.5
    endloop
  endfacet
  facet normal -0.29940535965496495 0.642076865817753 0.7057575568079537
    outer loop
      vertex 66.77850474529347 10.113598371913277 14.5
      vertex 66.94951481695631 9.64375206152032 15
      vertex 66.98002627571572 10.20756940483228 14.5
    endloop
  endfacet
  facet normal -0.2994053596549763 0.6420768658177511 0.7057575568079508
    outer loop
      vertex 66.98002627571572 10.20756940483228 14.5
      vertex 66.94951481695631 9.64375206152032 15
      vertex 67.16015806760981 10.269913624156505 14.519698893561515
    endloop
  endfacet
  facet normal -0.29940535965497844 0.6420768658177493 0.7057575568079517
    outer loop
      vertex 67.6 10.496667900320919 14.5
      vertex 66.94951481695631 9.64375206152032 15
      vertex 67.85 10.0636551984287 15
    endloop
  endfacet
  facet normal -0.29940535965497755 0.6420768658177511 0.7057575568079503
    outer loop
      vertex 67.16015806760981 10.269913624156505 14.519698893561515
      vertex 66.94951481695631 9.64375206152032 15
      vertex 67.35515181380714 10.382493316013825 14.5
    endloop
  endfacet
  facet normal -0.2994053596549901 0.6420768658177533 0.7057575568079432
    outer loop
      vertex 67.35515181380714 10.382493316013825 14.5
      vertex 66.94951481695631 9.64375206152032 15
      vertex 67.6 10.496667900320919 14.5
    endloop
  endfacet
  facet normal 0 0 1
    outer loop
      vertex 67.35515181380714 10.382493316013825 14.5
      vertex 67.6 10.496667900320919 14.5
      vertex 67.8213021835729 10.651625357480926 14.5
    endloop
  endfacet
  facet normal -0.40635219715296134 0.5803310803993105 0.7057575568079524
    outer loop
      vertex 67.6 10.496667900320919 14.5
      vertex 67.85 10.0636551984287 15
      vertex 67.8213021835729 10.651625357480926 14.5
    endloop
  endfacet
  facet normal -0.4063521971530007 0.5803310803992979 0.7057575568079397
    outer loop
      vertex 67.8213021835729 10.651625357480926 14.5
      vertex 67.85 10.0636551984287 15
      vertex 68.01629592977022 10.764205049338253 14.519698893561516
    endloop
  endfacet
  facet normal -0.40635219715295784 0.5803310803993021 0.705757556807961
    outer loop
      vertex 68.01629592977022 10.764205049338253 14.519698893561516
      vertex 67.85 10.0636551984287 15
      vertex 68.16035350343118 10.889031647485654 14.5
    endloop
  endfacet
  facet normal -0.406352197152977 0.5803310803993026 0.7057575568079497
    outer loop
      vertex 68.16035350343118 10.889031647485654 14.5
      vertex 67.85 10.0636551984287 15
      vertex 68.34249557037 11.016568895781315 14.5
    endloop
  endfacet
  facet normal -0.4063521971529746 0.5803310803993023 0.7057575568079514
    outer loop
      vertex 68.34249557037 11.016568895781315 14.5
      vertex 67.85 10.0636551984287 15
      vertex 68.66388937521327 10.633546674221826 15
    endloop
  endfacet
  facet normal -0.5009522287646053 0.500952228764625 0.7057575568079519
    outer loop
      vertex 68.34249557037 11.016568895781315 14.5
      vertex 68.66388937521327 10.633546674221826 15
      vertex 68.56939347534458 11.243466800755884 14.5
    endloop
  endfacet
  facet normal 0 0 1
    outer loop
      vertex 68.16035350343118 10.889031647485654 14.5
      vertex 68.34249557037 11.016568895781315 14.5
      vertex 68.56939347534458 11.243466800755884 14.5
    endloop
  endfacet
  facet normal -0.5009522287646255 0.5009522287646156 0.7057575568079443
    outer loop
      vertex 68.56939347534458 11.243466800755884 14.5
      vertex 68.66388937521327 10.633546674221826 15
      vertex 68.76341699814637 11.411589140293017 14.518384862278706
    endloop
  endfacet
  facet normal -0.5009522287646637 0.5009522287646073 0.705757556807923
    outer loop
      vertex 68.76341699814637 11.411589140293017 14.518384862278706
      vertex 68.66388937521327 10.633546674221826 15
      vertex 68.85878097088921 11.53285429630053 14.5
    endloop
  endfacet
  facet normal -0.5009522287646192 0.5009522287646142 0.7057575568079496
    outer loop
      vertex 68.98343110421868 11.657504429629995 14.5
      vertex 68.66388937521327 10.633546674221826 15
      vertex 69.36645332577817 11.336110624786727 15
    endloop
  endfacet
  facet normal 0 0 1
    outer loop
      vertex 61.405120669050085 11.268952656361224 14.5
      vertex 60.96661979727466 11.728839135100836 14.5
      vertex 61.01656889578132 11.657504429629995 14.5
    endloop
  endfacet
  facet normal 0.5803310803992741 0.4063521971530079 0.7057575568079554
    outer loop
      vertex 60.96661979727466 11.728839135100836 14.5
      vertex 60.633546674221826 11.336110624786727 15
      vertex 61.01656889578132 11.657504429629995 14.5
    endloop
  endfacet
  facet normal 0.5803310803992975 0.4063521971529824 0.7057575568079508
    outer loop
      vertex 60.9125239073375 11.785573271652853 14.511816359783127
      vertex 60.633546674221826 11.336110624786727 15
      vertex 60.96661979727466 11.728839135100836 14.5
    endloop
  endfacet
  facet normal 0.5803310803993011 0.40635219715297777 0.7057575568079505
    outer loop
      vertex 60.496667900320915 12.4 14.5
      vertex 60.0636551984287 12.15 15
      vertex 60.633546674221826 11.336110624786727 15
    endloop
  endfacet
  facet normal 0.5803310803993058 0.4063521971529746 0.7057575568079484
    outer loop
      vertex 60.9125239073375 11.785573271652853 14.511816359783127
      vertex 60.75204204076623 12.03528793034955 14.5
      vertex 60.633546674221826 11.336110624786727 15
    endloop
  endfacet
  facet normal 0.5803310803992989 0.4063521971529781 0.7057575568079518
    outer loop
      vertex 60.75204204076623 12.03528793034955 14.5
      vertex 60.496667900320915 12.4 14.5
      vertex 60.633546674221826 11.336110624786727 15
    endloop
  endfacet
  facet normal 0 0 1
    outer loop
      vertex 60.75204204076623 12.03528793034955 14.5
      vertex 60.44117231686599 12.519010662776818 14.5
      vertex 60.496667900320915 12.4 14.5
    endloop
  endfacet
  facet normal 0.6420768658177617 0.299405359654957 0.7057575568079493
    outer loop
      vertex 60.496667900320915 12.4 14.5
      vertex 60.44117231686599 12.519010662776818 14.5
      vertex 60.0636551984287 12.15 15
    endloop
  endfacet
  facet normal 0.642076865817743 0.29940535965498377 0.705757556807955
    outer loop
      vertex 60.44117231686599 12.519010662776818 14.5
      vertex 60.3780556669944 12.617222087017465 14.515757130513435
      vertex 60.0636551984287 12.15 15
    endloop
  endfacet
  facet normal 0.6420768658177552 0.29940535965497017 0.7057575568079497
    outer loop
      vertex 60.3780556669944 12.617222087017465 14.515757130513435
      vertex 60.2729465060558 12.879772078267594 14.5
      vertex 60.0636551984287 12.15 15
    endloop
  endfacet
  facet normal 0.642076865817744 0.29940535965497794 0.7057575568079565
    outer loop
      vertex 60.2729465060558 12.879772078267594 14.5
      vertex 60.11359837191328 13.221495254706522 14.5
      vertex 60.0636551984287 12.15 15
    endloop
  endfacet
  facet normal 0 0 1
    outer loop
      vertex 60.2729465060558 12.879772078267594 14.5
      vertex 60.06797325652957 13.391770503419695 14.5
      vertex 60.11359837191328 13.221495254706522 14.5
    endloop
  endfacet
  facet normal -0.5009522287646073 0.5009522287646145 0.7057575568079579
    outer loop
      vertex 68.85878097088921 11.53285429630053 14.5
      vertex 68.66388937521327 10.633546674221826 15
      vertex 68.98343110421868 11.657504429629995 14.5
    endloop
  endfacet
  facet normal -0.5803310803992975 0.4063521971529842 0.7057575568079498
    outer loop
      vertex 68.98343110421868 11.657504429629995 14.5
      vertex 69.36645332577817 11.336110624786727 15
      vertex 69.19969798900543 11.966365550062507 14.5
    endloop
  endfacet
  facet normal 0 0 1
    outer loop
      vertex 68.85878097088921 11.53285429630053 14.5
      vertex 68.98343110421868 11.657504429629995 14.5
      vertex 69.19969798900543 11.966365550062507 14.5
    endloop
  endfacet
  facet normal -0.580331080399309 0.40635219715297693 0.7057575568079445
    outer loop
      vertex 69.19969798900543 11.966365550062507 14.5
      vertex 69.36645332577817 11.336110624786727 15
      vertex 69.37451837072214 12.188667749230891 14.515757130513439
    endloop
  endfacet
  facet normal -0.5803310803993109 0.40635219715297616 0.7057575568079433
    outer loop
      vertex 69.37451837072214 12.188667749230891 14.515757130513439
      vertex 69.36645332577817 11.336110624786727 15
      vertex 69.4280136341206 12.292434083541787 14.5
    endloop
  endfacet
  facet normal -0.5803310803992778 0.4063521971529855 0.7057575568079651
    outer loop
      vertex 69.4280136341206 12.292434083541787 14.5
      vertex 69.36645332577817 11.336110624786727 15
      vertex 69.50333209967908 12.4 14.5
    endloop
  endfacet
  facet normal -0.5803310803993045 0.4063521971529801 0.7057575568079463
    outer loop
      vertex 69.50333209967908 12.4 14.5
      vertex 69.36645332577817 11.336110624786727 15
      vertex 69.9363448015713 12.15 15
    endloop
  endfacet
  facet normal 0 0 1
    outer loop
      vertex 69.4280136341206 12.292434083541787 14.5
      vertex 69.50333209967908 12.4 14.5
      vertex 69.69149494684052 12.80351652792051 14.5
    endloop
  endfacet
  facet normal -0.6420768658177637 0.29940535965496307 0.7057575568079449
    outer loop
      vertex 69.50333209967908 12.4 14.5
      vertex 69.9363448015713 12.15 15
      vertex 69.69149494684052 12.80351652792051 14.5
    endloop
  endfacet
  facet normal -0.642076865817746 0.2994053596549773 0.7057575568079549
    outer loop
      vertex 69.69149494684052 12.80351652792051 14.5
      vertex 69.9363448015713 12.15 15
      vertex 69.82751325168357 13.067355230566298 14.511816359783126
    endloop
  endfacet
  facet normal -0.642076865817607 0.29940535965504567 0.7057575568080524
    outer loop
      vertex 69.82751325168357 13.067355230566298 14.511816359783126
      vertex 69.9363448015713 12.15 15
      vertex 69.84959851023082 13.1425707137682 14.5
    endloop
  endfacet
  facet normal -0.6420768658177262 0.29940535965499215 0.7057575568079669
    outer loop
      vertex 69.84959851023082 13.1425707137682 14.5
      vertex 69.9363448015713 12.15 15
      vertex 69.88640162808673 13.221495254706522 14.5
    endloop
  endfacet
  facet normal 0 0 1
    outer loop
      vertex 69.84959851023082 13.1425707137682 14.5
      vertex 69.88640162808673 13.221495254706522 14.5
      vertex 70.02862144778857 13.752266847677113 14.5
    endloop
  endfacet
  facet normal -0.6420768658177486 0.29940535965498327 0.70575755680795
    outer loop
      vertex 69.88640162808673 13.221495254706522 14.5
      vertex 69.9363448015713 12.15 15
      vertex 70.35624793847968 13.050485183043689 15
    endloop
  endfacet
  facet normal -0.6843134705749045 0.18336124181026586 0.7057575568079497
    outer loop
      vertex 69.88640162808673 13.221495254706522 14.5
      vertex 70.35624793847968 13.050485183043689 15
      vertex 70.02862144778857 13.752266847677113 14.5
    endloop
  endfacet
  facet normal -0.6843134705748728 0.18336124181029698 0.7057575568079726
    outer loop
      vertex 70.02862144778857 13.752266847677113 14.5
      vertex 70.35624793847968 13.050485183043689 15
      vertex 70.10602922576608 14.015893529325865 14.506563542155735
    endloop
  endfacet
  facet normal -0.6843134705747463 0.18336124181038116 0.7057575568080732
    outer loop
      vertex 70.10602922576608 14.015893529325865 14.506563542155735
      vertex 70.35624793847968 13.050485183043689 15
      vertex 70.10977722180593 14.055144319637431 14.5
    endloop
  endfacet
  facet normal -0.684313470575048 0.18336124181018676 0.7057575568078311
    outer loop
      vertex 70.10977722180593 14.055144319637431 14.5
      vertex 70.35624793847968 13.050485183043689 15
      vertex 70.12100031566348 14.097029476131961 14.5
    endloop
  endfacet
  facet normal -0.6843134705749 0.18336124181027733 0.7057575568079513
    outer loop
      vertex 70.12100031566348 14.097029476131961 14.5
      vertex 70.35624793847968 13.050485183043689 15
      vertex 70.61340419216958 14.010205387298496 15
    endloop
  endfacet
  facet normal 0 0 1
    outer loop
      vertex 70.10977722180593 14.055144319637431 14.5
      vertex 70.12100031566348 14.097029476131961 14.5
      vertex 70.2 15 14.5
    endloop
  endfacet
  facet normal -0.7057575568079522 0.06174578541845355 0.705757556807951
    outer loop
      vertex 70.12100031566348 14.097029476131961 14.5
      vertex 70.61340419216958 14.010205387298496 15
      vertex 70.7 15 15
    endloop
  endfacet
  facet normal -0.7057575568079516 0.0617457854184529 0.7057575568079517
    outer loop
      vertex 70.12100031566348 14.097029476131961 14.5
      vertex 70.7 15 15
      vertex 70.2 15 14.5
    endloop
  endfacet
  facet normal 0 0 1
    outer loop
      vertex 59.82354600261996 14.730867958532912 14.5
      vertex 59.82354600261996 15.269132041467088 14.5
      vertex 59.8 15 14.5
    endloop
  endfacet
  facet normal 0.7057575568079512 -0.06174578541846731 0.7057575568079512
    outer loop
      vertex 59.8 15 14.5
      vertex 59.82354600261996 15.269132041467088 14.5
      vertex 59.3 15 15
    endloop
  endfacet
  facet normal 0.705757556807947 -0.061745785418448725 0.7057575568079568
    outer loop
      vertex 59.82354600261996 15.269132041467088 14.5
      vertex 59.82354600261996 15.494291425181752 14.519698893561516
      vertex 59.3 15 15
    endloop
  endfacet
  facet normal 0.7057575568079398 -0.06174578541843289 0.7057575568079653
    outer loop
      vertex 59.82354600261996 15.494291425181752 14.519698893561516
      vertex 59.859620220853124 15.681462242653382 14.5
      vertex 59.3 15 15
    endloop
  endfacet
  facet normal 0.7057575568079526 -0.06174578541845391 0.7057575568079508
    outer loop
      vertex 59.859620220853124 15.681462242653382 14.5
      vertex 59.87899968433652 15.902970523868039 14.5
      vertex 59.3 15 15
    endloop
  endfacet
  facet normal 0.7057575568079522 -0.06174578541845355 0.705757556807951
    outer loop
      vertex 59.87899968433652 15.902970523868039 14.5
      vertex 59.38659580783042 15.989794612701504 15
      vertex 59.3 15 15
    endloop
  endfacet
  facet normal 0 0 1
    outer loop
      vertex 59.859620220853124 15.681462242653382 14.5
      vertex 59.96205008162268 16.212918826128764 14.5
      vertex 59.87899968433652 15.902970523868039 14.5
    endloop
  endfacet
  facet normal 0.6843134705749001 -0.18336124181027702 0.7057575568079513
    outer loop
      vertex 59.87899968433652 15.902970523868039 14.5
      vertex 59.64375206152032 16.949514816956313 15
      vertex 59.38659580783042 15.989794612701504 15
    endloop
  endfacet
  facet normal 0.6843134705748954 -0.1833612418102798 0.7057575568079549
    outer loop
      vertex 59.87899968433652 15.902970523868039 14.5
      vertex 59.96205008162268 16.212918826128764 14.5
      vertex 59.64375206152032 16.949514816956313 15
    endloop
  endfacet
  facet normal 0.6843134705748968 -0.18336124181027852 0.7057575568079539
    outer loop
      vertex 59.96205008162268 16.212918826128764 14.5
      vertex 60.01063653720461 16.465009295575435 14.518384862278708
      vertex 59.64375206152032 16.949514816956313 15
    endloop
  endfacet
  facet normal 0.6843134705749024 -0.18336124181027103 0.7057575568079506
    outer loop
      vertex 60.01063653720461 16.465009295575435 14.518384862278708
      vertex 60.06797325652957 16.608229496580304 14.5
      vertex 59.64375206152032 16.949514816956313 15
    endloop
  endfacet
  facet normal 0.68431347057489 -0.18336124181029492 0.7057575568079564
    outer loop
      vertex 60.06797325652957 16.608229496580304 14.5
      vertex 60.11359837191328 16.77850474529348 14.5
      vertex 59.64375206152032 16.949514816956313 15
    endloop
  endfacet
  facet normal 0.6420768658177457 -0.2994053596549769 0.7057575568079554
    outer loop
      vertex 60.11359837191328 16.77850474529348 14.5
      vertex 60.0636551984287 17.85 15
      vertex 59.64375206152032 16.949514816956313 15
    endloop
  endfacet
  facet normal 0 0 1
    outer loop
      vertex 60.06797325652957 16.608229496580304 14.5
      vertex 60.27294650605581 17.120227921732425 14.5
      vertex 60.11359837191328 16.77850474529348 14.5
    endloop
  endfacet
  facet normal 0.6420768658177479 -0.299405359654976 0.7057575568079537
    outer loop
      vertex 60.11359837191328 16.77850474529348 14.5
      vertex 60.27294650605581 17.120227921732425 14.5
      vertex 60.0636551984287 17.85 15
    endloop
  endfacet
  facet normal 0.6420768658177539 -0.2994053596549718 0.7057575568079502
    outer loop
      vertex 60.27294650605581 17.120227921732425 14.5
      vertex 60.3780556669944 17.382777912982533 14.515757130513434
      vertex 60.0636551984287 17.85 15
    endloop
  endfacet
  facet normal 0.6420768658177527 -0.2994053596549732 0.7057575568079507
    outer loop
      vertex 60.3780556669944 17.382777912982533 14.515757130513434
      vertex 60.44117231686598 17.480989337223175 14.5
      vertex 60.0636551984287 17.85 15
    endloop
  endfacet
  facet normal 0 0 1
    outer loop
      vertex 60.44117231686598 17.480989337223175 14.5
      vertex 60.752042040766234 17.96471206965046 14.5
      vertex 60.496667900320915 17.6 14.5
    endloop
  endfacet
  facet normal 0.6420768658177549 -0.2994053596549699 0.70575755680795
    outer loop
      vertex 60.44117231686598 17.480989337223175 14.5
      vertex 60.496667900320915 17.6 14.5
      vertex 60.0636551984287 17.85 15
    endloop
  endfacet
  facet normal 0.5803310803993007 -0.4063521971529784 0.7057575568079504
    outer loop
      vertex 60.496667900320915 17.6 14.5
      vertex 60.633546674221826 18.663889375213273 15
      vertex 60.0636551984287 17.85 15
    endloop
  endfacet
  facet normal 0.5803310803992981 -0.40635219715297893 0.7057575568079524
    outer loop
      vertex 60.496667900320915 17.6 14.5
      vertex 60.752042040766234 17.96471206965046 14.5
      vertex 60.633546674221826 18.663889375213273 15
    endloop
  endfacet
  facet normal 0.5803310803993077 -0.4063521971529737 0.7057575568079473
    outer loop
      vertex 60.752042040766234 17.96471206965046 14.5
      vertex 60.9125239073375 18.21442672834715 14.511816359783127
      vertex 60.633546674221826 18.663889375213273 15
    endloop
  endfacet
  facet normal 0 0 1
    outer loop
      vertex 60.96661979727467 18.271160864899173 14.5
      vertex 61.405120669050085 18.731047343638778 14.5
      vertex 61.01656889578132 18.342495570370005 14.5
    endloop
  endfacet
  facet normal 0.5803310803992866 -0.40635219715299337 0.7057575568079534
    outer loop
      vertex 60.9125239073375 18.21442672834715 14.511816359783127
      vertex 60.96661979727467 18.271160864899173 14.5
      vertex 60.633546674221826 18.663889375213273 15
    endloop
  endfacet
  facet normal 0.5803310803992776 -0.4063521971530032 0.705757556807955
    outer loop
      vertex 60.96661979727467 18.271160864899173 14.5
      vertex 61.01656889578132 18.342495570370005 14.5
      vertex 60.633546674221826 18.663889375213273 15
    endloop
  endfacet
  facet normal 0 0 1
    outer loop
      vertex 70.02862144778858 16.247733152322873 14.5
      vertex 69.88640162808673 16.77850474529348 14.5
      vertex 69.84959851023082 16.8574292862318 14.5
    endloop
  endfacet
  facet normal -0.6420768658177178 -0.299405359654995 0.7057575568079733
    outer loop
      vertex 69.88640162808673 16.77850474529348 14.5
      vertex 69.9363448015713 17.85 15
      vertex 69.84959851023082 16.8574292862318 14.5
    endloop
  endfacet
  facet normal -0.642076865817628 -0.29940535965503534 0.7057575568080376
    outer loop
      vertex 69.84959851023082 16.8574292862318 14.5
      vertex 69.9363448015713 17.85 15
      vertex 69.82751325168357 16.932644769433704 14.511816359783126
    endloop
  endfacet
  facet normal -0.6420768658177499 -0.2994053596549754 0.7057575568079523
    outer loop
      vertex 69.82751325168357 16.932644769433704 14.511816359783126
      vertex 69.9363448015713 17.85 15
      vertex 69.69149494684052 17.196483472079496 14.5
    endloop
  endfacet
  facet normal 0 0 1
    outer loop
      vertex 69.4280136341206 17.70756591645822 14.5
      vertex 69.69149494684052 17.196483472079496 14.5
      vertex 69.50333209967908 17.6 14.5
    endloop
  endfacet
  facet normal -0.6420768658177626 -0.2994053596549652 0.705757556807945
    outer loop
      vertex 69.50333209967908 17.6 14.5
      vertex 69.69149494684052 17.196483472079496 14.5
      vertex 69.9363448015713 17.85 15
    endloop
  endfacet
  facet normal 0 0 1
    outer loop
      vertex 68.85878097088921 18.467145703699472 14.5
      vertex 69.19969798900543 18.033634449937484 14.5
      vertex 68.98343110421868 18.342495570370005 14.5
    endloop
  endfacet
  facet normal -0.5803310803992914 -0.4063521971529841 0.7057575568079548
    outer loop
      vertex 69.37451837072214 17.81133225076911 14.515757130513437
      vertex 69.36645332577817 18.663889375213273 15
      vertex 69.19969798900543 18.033634449937484 14.5
    endloop
  endfacet
  facet normal -0.5803310803992933 -0.4063521971529829 0.7057575568079538
    outer loop
      vertex 69.4280136341206 17.70756591645822 14.5
      vertex 69.50333209967908 17.6 14.5
      vertex 69.36645332577817 18.663889375213273 15
    endloop
  endfacet
  facet normal -0.5803310803993041 -0.40635219715298077 0.7057575568079463
    outer loop
      vertex 69.50333209967908 17.6 14.5
      vertex 69.9363448015713 17.85 15
      vertex 69.36645332577817 18.663889375213273 15
    endloop
  endfacet
  facet normal -0.5803310803993011 -0.40635219715298077 0.7057575568079487
    outer loop
      vertex 69.4280136341206 17.70756591645822 14.5
      vertex 69.36645332577817 18.663889375213273 15
      vertex 69.37451837072214 17.81133225076911 14.515757130513437
    endloop
  endfacet
  facet normal -0.5803310803993033 -0.4063521971529766 0.7057575568079494
    outer loop
      vertex 69.19969798900543 18.033634449937484 14.5
      vertex 69.36645332577817 18.663889375213273 15
      vertex 68.98343110421868 18.342495570370005 14.5
    endloop
  endfacet
  facet normal -0.5009522287646143 -0.5009522287646143 0.705757556807953
    outer loop
      vertex 68.85878097088921 18.467145703699472 14.5
      vertex 68.98343110421868 18.342495570370005 14.5
      vertex 68.66388937521327 19.366453325778174 15
    endloop
  endfacet
  facet normal 0.5009522287646143 -0.5009522287646143 0.705757556807953
    outer loop
      vertex 61.01656889578132 18.342495570370005 14.5
      vertex 61.33611062478673 19.366453325778174 15
      vertex 60.633546674221826 18.663889375213273 15
    endloop
  endfacet
  facet normal 0.5009522287646232 -0.5009522287646141 0.7057575568079469
    outer loop
      vertex 61.01656889578132 18.342495570370005 14.5
      vertex 61.405120669050085 18.731047343638778 14.5
      vertex 61.33611062478673 19.366453325778174 15
    endloop
  endfacet
  facet normal 0.5009522287646162 -0.500952228764617 0.7057575568079497
    outer loop
      vertex 61.405120669050085 18.731047343638778 14.5
      vertex 61.594724183484516 18.929897786642144 14.506563542155732
      vertex 61.33611062478673 19.366453325778174 15
    endloop
  endfacet
  facet normal 0.5009522287645499 -0.5009522287646685 0.7057575568079604
    outer loop
      vertex 61.594724183484516 18.929897786642144 14.506563542155732
      vertex 61.62684236699302 18.952769041581703 14.5
      vertex 61.33611062478673 19.366453325778174 15
    endloop
  endfacet
  facet normal 0.5009522287646458 -0.5009522287645878 0.7057575568079495
    outer loop
      vertex 61.62684236699302 18.952769041581703 14.5
      vertex 61.657504429629995 18.983431104218685 14.5
      vertex 61.33611062478673 19.366453325778174 15
    endloop
  endfacet
  facet normal 0 0 1
    outer loop
      vertex 61.62684236699302 18.952769041581703 14.5
      vertex 62.4 19.50333209967908 14.5
      vertex 61.657504429629995 18.983431104218685 14.5
    endloop
  endfacet
  facet normal 0.40635219715297766 -0.5803310803992997 0.7057575568079515
    outer loop
      vertex 61.657504429629995 18.983431104218685 14.5
      vertex 62.15 19.936344801571302 15
      vertex 61.33611062478673 19.366453325778174 15
    endloop
  endfacet
  facet normal 0.4063521971529763 -0.5803310803992996 0.7057575568079526
    outer loop
      vertex 61.657504429629995 18.983431104218685 14.5
      vertex 62.4 19.50333209967908 14.5
      vertex 62.15 19.936344801571302 15
    endloop
  endfacet
  facet normal 0 0 1
    outer loop
      vertex 62.4 19.50333209967908 14.5
      vertex 63.26338041120108 19.89762472194429 14.5
      vertex 63.221495254706525 19.886401628086723 14.5
    endloop
  endfacet
  facet normal 0.29940535965497406 -0.6420768658177495 0.7057575568079534
    outer loop
      vertex 62.4 19.50333209967908 14.5
      vertex 63.221495254706525 19.886401628086723 14.5
      vertex 63.05048518304369 20.35624793847968 15
    endloop
  endfacet
  facet normal 0.29940535965497506 -0.6420768658177498 0.7057575568079527
    outer loop
      vertex 62.4 19.50333209967908 14.5
      vertex 63.05048518304369 20.35624793847968 15
      vertex 62.15 19.936344801571302 15
    endloop
  endfacet
  facet normal 0.18336124181028568 -0.684313470574899 0.70575755680795
    outer loop
      vertex 63.221495254706525 19.886401628086723 14.5
      vertex 63.26338041120108 19.89762472194429 14.5
      vertex 64.0102053872985 20.613404192169586 15
    endloop
  endfacet
  facet normal 0.1833612418103563 -0.6843134705749353 0.7057575568078964
    outer loop
      vertex 63.26338041120108 19.89762472194429 14.5
      vertex 63.299246590749405 19.914004257316275 14.50656354215573
      vertex 64.0102053872985 20.613404192169586 15
    endloop
  endfacet
  facet normal 0.18336124181028152 -0.6843134705748968 0.7057575568079533
    outer loop
      vertex 63.221495254706525 19.886401628086723 14.5
      vertex 64.0102053872985 20.613404192169586 15
      vertex 63.05048518304369 20.35624793847968 15
    endloop
  endfacet
  facet normal 0.18336124181027955 -0.6843134705748974 0.7057575568079533
    outer loop
      vertex 63.299246590749405 19.914004257316275 14.50656354215573
      vertex 63.566257883161256 19.9787804959616 14.5
      vertex 64.0102053872985 20.613404192169586 15
    endloop
  endfacet
  facet normal 0 0 1
    outer loop
      vertex 63.566257883161256 19.9787804959616 14.5
      vertex 64.1837816924945 20.12859015113095 14.5
      vertex 64.09702947613196 20.12100031566348 14.5
    endloop
  endfacet
  facet normal 0.1833612418102783 -0.684313470574897 0.7057575568079539
    outer loop
      vertex 63.566257883161256 19.9787804959616 14.5
      vertex 64.09702947613196 20.12100031566348 14.5
      vertex 64.0102053872985 20.613404192169586 15
    endloop
  endfacet
  facet normal 0.06174578541844842 -0.7057575568079503 0.7057575568079536
    outer loop
      vertex 64.09702947613196 20.12100031566348 14.5
      vertex 65 20.7 15
      vertex 64.0102053872985 20.613404192169586 15
    endloop
  endfacet
  facet normal 0 0 1
    outer loop
      vertex 64.55646301239328 20.16119554172997 14.5
      vertex 65.13081404901341 20.1885552536814 14.5
      vertex 65 20.2 14.5
    endloop
  endfacet
  facet normal 0.061745785418449904 -0.7057575568079514 0.7057575568079522
    outer loop
      vertex 64.09702947613196 20.12100031566348 14.5
      vertex 64.1837816924945 20.12859015113095 14.5
      vertex 65 20.7 15
    endloop
  endfacet
  facet normal 0.061745785418440655 -0.7057575568079447 0.7057575568079597
    outer loop
      vertex 64.1837816924945 20.12859015113095 14.5
      vertex 64.25996284097891 20.14707149778085 14.51181635978313
      vertex 65 20.7 15
    endloop
  endfacet
  facet normal 0.061745785418447906 -0.7057575568079496 0.7057575568079543
    outer loop
      vertex 64.25996284097891 20.14707149778085 14.51181635978313
      vertex 64.55646301239328 20.16119554172997 14.5
      vertex 65 20.7 15
    endloop
  endfacet
  facet normal 0.06174578541845326 -0.7057575568079516 0.7057575568079516
    outer loop
      vertex 64.55646301239328 20.16119554172997 14.5
      vertex 65 20.2 14.5
      vertex 65 20.7 15
    endloop
  endfacet
  facet normal 0 0 1
    outer loop
      vertex 65.52735550493881 20.153862371669863 14.5
      vertex 66.0732457725812 20.075375200279783 14.5
      vertex 65.90297052386804 20.12100031566348 14.5
    endloop
  endfacet
  facet normal -0.06174578541845464 -0.7057575568079516 0.7057575568079516
    outer loop
      vertex 65 20.2 14.5
      vertex 65.13081404901341 20.1885552536814 14.5
      vertex 65 20.7 15
    endloop
  endfacet
  facet normal -0.061745785418449196 -0.7057575568079512 0.7057575568079526
    outer loop
      vertex 65.13081404901341 20.1885552536814 14.5
      vertex 65.24742596228346 20.194110163751642 14.515757130513439
      vertex 65 20.7 15
    endloop
  endfacet
  facet normal -0.06174578541844852 -0.705757556807951 0.7057575568079528
    outer loop
      vertex 65.24742596228346 20.194110163751642 14.515757130513439
      vertex 65.52735550493881 20.153862371669863 14.5
      vertex 65 20.7 15
    endloop
  endfacet
  facet normal -0.06174578541845058 -0.7057575568079519 0.7057575568079516
    outer loop
      vertex 65.52735550493881 20.153862371669863 14.5
      vertex 65.90297052386804 20.12100031566348 14.5
      vertex 65 20.7 15
    endloop
  endfacet
  facet normal -0.18336124181026256 -0.6843134705749004 0.7057575568079546
    outer loop
      vertex 65.90297052386804 20.12100031566348 14.5
      vertex 66.0732457725812 20.075375200279783 14.5
      vertex 65.9897946127015 20.613404192169586 15
    endloop
  endfacet
  facet normal -0.1833612418102743 -0.6843134705748948 0.7057575568079572
    outer loop
      vertex 66.22594646464901 20.053420155282417 14.518384862278708
      vertex 66.46855644303275 19.96945202537288 14.5
      vertex 65.9897946127015 20.613404192169586 15
    endloop
  endfacet
  facet normal -0.18336124181030825 -0.6843134705748983 0.7057575568079447
    outer loop
      vertex 66.0732457725812 20.075375200279783 14.5
      vertex 66.22594646464901 20.053420155282417 14.518384862278708
      vertex 65.9897946127015 20.613404192169586 15
    endloop
  endfacet
  facet normal -0.06174578541844842 -0.7057575568079503 0.7057575568079536
    outer loop
      vertex 65.90297052386804 20.12100031566348 14.5
      vertex 65.9897946127015 20.613404192169586 15
      vertex 65 20.7 15
    endloop
  endfacet
  facet normal 0 0 1
    outer loop
      vertex 66.46855644303275 19.96945202537288 14.5
      vertex 66.9800262757157 19.792430595167726 14.5
      vertex 66.77850474529347 19.886401628086723 14.5
    endloop
  endfacet
  facet normal -0.29940535965497 -0.6420768658177499 0.7057575568079547
    outer loop
      vertex 67.35515181380714 19.617506683986175 14.5
      vertex 66.94951481695631 20.35624793847968 15
      vertex 67.16015806760981 19.730086375843495 14.519698893561516
    endloop
  endfacet
  facet normal -0.2994053596549901 -0.6420768658177533 0.7057575568079432
    outer loop
      vertex 67.35515181380714 19.617506683986175 14.5
      vertex 67.6 19.50333209967908 14.5
      vertex 66.94951481695631 20.35624793847968 15
    endloop
  endfacet
  facet normal -0.2994053596549782 -0.6420768658177498 0.705757556807951
    outer loop
      vertex 66.9800262757157 19.792430595167726 14.5
      vertex 67.16015806760981 19.730086375843495 14.519698893561516
      vertex 66.94951481695631 20.35624793847968 15
    endloop
  endfacet
  facet normal -0.29940535965496845 -0.6420768658177517 0.7057575568079537
    outer loop
      vertex 66.77850474529347 19.886401628086723 14.5
      vertex 66.9800262757157 19.792430595167726 14.5
      vertex 66.94951481695631 20.35624793847968 15
    endloop
  endfacet
  facet normal -0.29940535965497694 -0.6420768658177488 0.7057575568079527
    outer loop
      vertex 67.6 19.50333209967908 14.5
      vertex 67.85 19.936344801571302 15
      vertex 66.94951481695631 20.35624793847968 15
    endloop
  endfacet
  facet normal -0.18336124181028238 -0.6843134705748971 0.7057575568079526
    outer loop
      vertex 66.46855644303275 19.96945202537288 14.5
      vertex 66.77850474529347 19.886401628086723 14.5
      vertex 65.9897946127015 20.613404192169586 15
    endloop
  endfacet
  facet normal -0.18336124181028152 -0.6843134705748968 0.7057575568079533
    outer loop
      vertex 66.77850474529347 19.886401628086723 14.5
      vertex 66.94951481695631 20.35624793847968 15
      vertex 65.9897946127015 20.613404192169586 15
    endloop
  endfacet
  facet normal 0 0 1
    outer loop
      vertex 68.16035350343117 19.110968352514355 14.5
      vertex 68.56939347534458 18.756533199244114 14.5
      vertex 68.34249557037 18.983431104218685 14.5
    endloop
  endfacet
  facet normal -0.5009522287646218 -0.5009522287646163 0.7057575568079462
    outer loop
      vertex 68.56939347534458 18.756533199244114 14.5
      vertex 68.76341699814637 18.588410859706983 14.518384862278706
      vertex 68.66388937521327 19.366453325778174 15
    endloop
  endfacet
  facet normal -0.5009522287646074 -0.5009522287646231 0.7057575568079518
    outer loop
      vertex 68.34249557037 18.983431104218685 14.5
      vertex 68.56939347534458 18.756533199244114 14.5
      vertex 68.66388937521327 19.366453325778174 15
    endloop
  endfacet
  facet normal -0.40635219715297255 -0.5803310803993011 0.7057575568079534
    outer loop
      vertex 68.16035350343117 19.110968352514355 14.5
      vertex 68.34249557037 18.983431104218685 14.5
      vertex 67.85 19.936344801571302 15
    endloop
  endfacet
  facet normal -0.40635219715296284 -0.580331080399301 0.705757556807959
    outer loop
      vertex 68.01629592977022 19.235794950661745 14.519698893561515
      vertex 68.16035350343117 19.110968352514355 14.5
      vertex 67.85 19.936344801571302 15
    endloop
  endfacet
  facet normal 0 0 1
    outer loop
      vertex 67.35515181380714 19.617506683986175 14.5
      vertex 67.82130218357291 19.348374642519058 14.5
      vertex 67.6 19.50333209967908 14.5
    endloop
  endfacet
  facet normal -0.4063521971529717 -0.5803310803993027 0.7057575568079528
    outer loop
      vertex 67.6 19.50333209967908 14.5
      vertex 67.82130218357291 19.348374642519058 14.5
      vertex 67.85 19.936344801571302 15
    endloop
  endfacet
  facet normal -0.40635219715298315 -0.5803310803992989 0.7057575568079492
    outer loop
      vertex 67.82130218357291 19.348374642519058 14.5
      vertex 68.01629592977022 19.235794950661745 14.519698893561515
      vertex 67.85 19.936344801571302 15
    endloop
  endfacet
  facet normal -0.40635219715297544 -0.5803310803993016 0.7057575568079514
    outer loop
      vertex 68.34249557037 18.983431104218685 14.5
      vertex 68.66388937521327 19.366453325778174 15
      vertex 67.85 19.936344801571302 15
    endloop
  endfacet
  facet normal -0.5009522287646556 -0.500952228764609 0.7057575568079274
    outer loop
      vertex 68.85878097088921 18.467145703699472 14.5
      vertex 68.66388937521327 19.366453325778174 15
      vertex 68.76341699814637 18.588410859706983 14.518384862278706
    endloop
  endfacet
  facet normal -0.5009522287646192 -0.5009522287646142 0.7057575568079496
    outer loop
      vertex 68.98343110421868 18.342495570370005 14.5
      vertex 69.36645332577817 18.663889375213273 15
      vertex 68.66388937521327 19.366453325778174 15
    endloop
  endfacet
  facet normal -0.7057575568079518 -0.06174578541845291 0.7057575568079518
    outer loop
      vertex 70.2 15 14.5
      vertex 70.7 15 15
      vertex 70.12100031566348 15.902970523868039 14.5
    endloop
  endfacet
  facet normal 0 0 1
    outer loop
      vertex 70.2 15 14.5
      vertex 70.12100031566348 15.902970523868039 14.5
      vertex 70.10977722180593 15.94485568036257 14.5
    endloop
  endfacet
  facet normal -0.7057575568079522 -0.06174578541845355 0.705757556807951
    outer loop
      vertex 70.12100031566348 15.902970523868039 14.5
      vertex 70.7 15 15
      vertex 70.61340419216958 15.989794612701504 15
    endloop
  endfacet
  facet normal -0.6843134705750565 -0.18336124181018126 0.7057575568078244
    outer loop
      vertex 70.12100031566348 15.902970523868039 14.5
      vertex 70.35624793847968 16.949514816956313 15
      vertex 70.10977722180593 15.94485568036257 14.5
    endloop
  endfacet
  facet normal -0.6843134705747717 -0.1833612418103648 0.7057575568080529
    outer loop
      vertex 70.10977722180593 15.94485568036257 14.5
      vertex 70.35624793847968 16.949514816956313 15
      vertex 70.10602922576608 15.984106470674133 14.506563542155734
    endloop
  endfacet
  facet normal -0.6843134705748972 -0.18336124181028118 0.7057575568079528
    outer loop
      vertex 70.10602922576608 15.984106470674133 14.506563542155734
      vertex 70.35624793847968 16.949514816956313 15
      vertex 70.02862144778858 16.247733152322873 14.5
    endloop
  endfacet
  facet normal -0.6843134705749001 -0.18336124181027702 0.7057575568079513
    outer loop
      vertex 70.12100031566348 15.902970523868039 14.5
      vertex 70.61340419216958 15.989794612701504 15
      vertex 70.35624793847968 16.949514816956313 15
    endloop
  endfacet
  facet normal -0.6843134705749003 -0.18336124181027816 0.7057575568079507
    outer loop
      vertex 70.02862144778858 16.247733152322873 14.5
      vertex 70.35624793847968 16.949514816956313 15
      vertex 69.88640162808673 16.77850474529348 14.5
    endloop
  endfacet
  facet normal -0.642076865817748 -0.299405359654983 0.7057575568079507
    outer loop
      vertex 69.88640162808673 16.77850474529348 14.5
      vertex 70.35624793847968 16.949514816956313 15
      vertex 69.9363448015713 17.85 15
    endloop
  endfacet
endsolid OpenSCAD_Model
